brand,title,stars,price,price/currency,price/value,url
ASUS,"ASUS Vivobook Pro 15 OLED, AMD Ryzen 5 5600H, 15.6"" (39.62 cm) FHD OLED, Thin & Light Laptop (16GB/512GB SSD/4GB RTX 3050/Windows 11/Office 2021/Backlit KB/FP Sensor/Silver/1.65 kg), M3500QC-L1502WS",4.4,,₹,67990,https://www.amazon.in/dp/B0BMPPSLHZ
ASUS,"ASUS VivoBook 15 (2021), 15.6-inch (39.62 cm) HD, Dual Core Intel Celeron N4020, Thin and Light Laptop (4GB RAM/256GB SSD/Integrated Graphics/Windows 11 Home/Transparent Silver/1.8 Kg), X515MA-BR011W",3.9,,₹,23990,https://www.amazon.in/dp/B09SGGB687
ASUS,"ASUS Vivobook 16X (2022), AMD Ryzen 7 5800HS, 16"" (40.64 cms) FHD+, Thin and Laptop (16GB/512GB SSD/Windows 11/Office 2021/Alexa Built-in/Backlit KB/FP Sensor/Silver/1.88 kg), M1603QA-MB712WS",4.3,,₹,57990,https://www.amazon.in/dp/B0BH6QPVVF
ASUS,"ASUS Vivobook 15, IntelCore i3-1215U 12th Gen, 15.6"" (39.62 cm) FHD, Thin and Light Laptop (8 GB RAM/512GB SSD/Win11/Office 2021/Backlit/42WHr/1.70/Blue), X1504ZA-NJ326WS",4.5,,₹,36990,https://www.amazon.in/dp/B0CCP95D4Y
ASUS,"ASUS Vivobook Go 15 (2023), AMD Ryzen 5 7520U, 15.6"" (39.62 cm) FHD, Thin & Light Laptop (16GB/512GB SSD/Windows 11/Office 2021/Alexa Built-in/Mixed Black/1.63 kg), E1504FA-NJ542WS",3.9,,₹,43990,https://www.amazon.in/dp/B0BTWF2BQX
ASUS,"ASUS Vivobook 15, Intel Core i5-12500H 12th Gen, 15.6"" (39.62 cm) FHD, Thin and Light Laptop (16GB/512GB/Win11/Office 2021/Blue/1.7 kg), X1502ZA-EJ541WS",3.6,,₹,51990,https://www.amazon.in/dp/B0C7H6SSC8
ASUS,"ASUS Creator Series Vivobook 16X 2023, Intel Core i5-12450H 12th Gen, 16.0-inch FHD+ 120Hz, Laptop (16GB/512GB SSD/NVIDIA GeForce RTX 2050/Win11/FP/Black/1.80 kg),K3605ZF-MB541WS",3.7,,₹,62990,https://www.amazon.in/dp/B0BRYBLVR3
ASUS,"ASUS Vivobook 16, Intel®Core™ i3-1215U 12th Gen, 16-inch (40.64 cm) FHD+, Thin and Light Laptop (8 GB RAM/512GB SSD/Win11/FingerPrint/Black/1.88kg), X1605ZAB-MB322WS",3.9,,₹,39990,https://www.amazon.in/dp/B0CFVYSZFG
ASUS,"ASUS Vivobook 15 OLED (2023), Intel Core i5-13500H 13th Gen, 15.6"" (39.6 cm) FHD OLED, Thin & Light Laptop (16GB/512GB SSD/Intel Iris Xᵉ/Win 11/Office 2021/Backlit KB/Silver/1.7 kg), X1505VA-LK542WS",4.2,,₹,67990,https://www.amazon.in/dp/B0C1GM1DGW
ASUS,"ASUS Zenbook 14 (2023), AMD Ryzen 5 7530U, 14.0"" (35.56 cm) 2.5K QHD+, Thin and Light Laptop (16GB/1TB SSD/Windows 11/Office 2021/Backlit KB/FP Sensor/75WHr Battery/Black/1.35 Kg), UM3402YA-KP551WS",3,,₹,74990,https://www.amazon.in/dp/B0BQSNCRB8
ASUS,"ASUS Creator Series Vivobook 16X (2023), Intel Core i5-12450H 12th Gen, 16"" (40.64 cm) FHD+, Laptop (8GB/512GB/4GB RTX 2050/Win11/Office 2021/FP/Black/1.8 kg), K3605ZF-MBN523WS",4,,₹,57990,https://www.amazon.in/dp/B0C5N5594Q
ASUS,"ASUS [SmartChoice] Vivobook S15 OLED 2022, 15.6""(39.62 cm) FHD OLED, Intel Core Evo i5-12500H 12th Gen, T&L Laptop (16GB/512GB SSD/Iris Xe Graphics/Win 11/MSO '21/Grey/1.8 kg), K3502ZA-L501WS",4,,₹,68990,https://www.amazon.in/dp/B09YHF7WHL
ASUS,"ASUS Vivobook Go 14 (2023), AMD Ryzen 3 7320U, 14-inch (35.56 cm) FHD, Thin & Light Laptop (8GB/512GB SSD/Windows 11/Office 2021/Alexa Built-in/Mixed Black/1.38 kg), E1404FA-NK327WS",4,,₹,33990,https://www.amazon.in/dp/B0CD3YWQWS
ASUS,"ASUS Vivobook Go 15 (OLED) 2023, AMD Ryzen 5 7520U, 15.6"" (39.62 cm) FHD OLED, Thin & Light Laptop (16GB/512GB SSD/Windows 11/Office 2021/Alexa Built-in/Backlit KB/Silver/1.63 kg), E1504FA-LK541WS",3.8,,₹,50249,https://www.amazon.in/dp/B0BTWG1BHC
ASUS,"ASUS Creator Series Vivobook 16X 2023, Intel Core i5-13500H 13th Gen, 16.0-inch FHD+ 120Hz, Laptop (16GB/512GB SSD/NVIDIA Geforce RTX 3050 4GB/Win11/FP/Black/1.80 kg),K3605VC-MB541WS",4.3,,₹,81990,https://www.amazon.in/dp/B0BRZRGVR8
ASUS,"ASUS Vivobook 15 (2023), Intel Core i5-1335U 13th Gen, 15.6"" (39.62 cm) FHD, Thin and Light Laptop (16GB/512GB/Win11/Office 2021/Fingerprint/Silver/1.7 kg), X1504VA-NJ544WS",5,,₹,61990,https://www.amazon.in/dp/B0C5N2M1PR
ASUS,"ASUS [SmartChoice Vivobook 15, Intel Celeron N4020, 15.6"" (39.62 cms) HD, Thin and Light Laptop (8GB/512GB SSD/Integrated Graphics/Windows 11/Office 2021/1.8 kg), X515MA-BR022WS",,,₹,28099,https://www.amazon.in/dp/B0CH4SV8D6
ASUS,"ASUS ROG Strix G16 (2023) 64WHrs Battery, Intel Core i5-13450HX 13th Gen, 16"" FHD+ 165Hz, 6GB RTX 3050, Gaming Laptop (16GB/512GB SSD/Windows 11/Office 2021/4-Zone RGB KB/Gray/2.50 Kg) G614JJ-N3086WS",4.7,,₹,89990,https://www.amazon.in/dp/B0CJ35G6B3
ASUS,"ASUS Vivobook Go 14 Ryzen 7 Octa Ryzen 5 7520U (16 GB/512 GB SSD/Windows 11 Home) E1404FA-NK541WS Laptop (14 inch, Silver, with MS Office)",3.5,,₹,43990,https://www.amazon.in/dp/B0CBV7FP29
ASUS,"ASUS Vivobook 16X (2022), AMD Ryzen 5 5600H, 16"" (40.64 cms) FHD+, Thin and Laptop (16GB/512GB SSD/Windows 11/Office 2021/Alexa Built-in/Backlit KB/FP Sensor/Silver/1.88 kg), M1603QA-MB512WS",3.9,,₹,50900,https://www.amazon.in/dp/B0BLH4CHMV
ASUS,"ASUS Vivobook S 14 Flip (2022), 14-inch (35.56 cms) FHD+ 16:10 Touch, AMD Ryzen 5 5600H, 2-in-1 Laptop (16GB/512GB SSD/Integrated Graphics/Windows 11/Office 2021/Silver/1.5 kg), TN3402QA-LZ511WS",4.2,,₹,57990,https://www.amazon.in/dp/B0B4WGCVHM
ASUS,"ASUS Vivobook Pro 15, 15.6-inch (39.62 cms) FHD 144Hz, AMD Ryzen 7 5800H, Thin & Light Laptop (16GB/512GB SSD/4GB NVIDIA GeForce RTX 3050/Windows 11/Office 2021/Silver/1.80 kg), M6500QC-HN742WS",3.9,,₹,69990,https://www.amazon.in/dp/B0BWS5BRDV
ASUS,"ASUS Vivobook Pro 15 OLED, AMD Ryzen 7 5800H, 15.6"" (39.6 cm) OLED, Thin & Light Laptop (16GB/1TB SSD/4GB NVIDIA GeForce RTX 3050/Windows 11/Office 2021/Fingerprint/Silver/1.65 kg), M3500QC-L1712WS",3.9,,₹,79990,https://www.amazon.in/dp/B0C1YWXN9Q
ASUS,"ASUS TUF Gaming F15, 15.6-inch (39.62 cms) FHD 144Hz, Intel Core i5-10300H 10th Gen, 4GB NVIDIA GeForce GTX 1650, Gaming Laptop (8GB/512GB SSD/Windows 11/Office H&S/Black/2.3 Kg), FX506LHB-HN355WS",4.3,,₹,52990,https://www.amazon.in/dp/B09ZXM2B4N
ASUS,"ASUS Vivobook 15, Intel Core i5-12500H 12th Gen, 15.6"" (39.62 cm) FHD, Thin and Light Laptop (8GB/512GB/Win11/Office 2021/Blue/1.7 kg), X1502ZA-EJ523WS",4.1,,₹,48990,https://www.amazon.in/dp/B0C5N3G2MD
ASUS,"ASUS Vivobook Go 15 OLED (2023), AMD Ryzen 5 7520U, 15.6"" (39.62 cms) FHD OLED, Thin and Light Laptop (16GB/512GB SSD/Windows 11/Office 2021/Backlit KB/Black/1.63 kg), E1504FA-LK545WS",4.3,,₹,50990,https://www.amazon.in/dp/B0C1GJZYG4
ASUS,"ASUS Vivobook Go 14, AMD Ryzen 3 7320U, 14"" (35.56 cm) FHD, Thin and Light Laptop (8 GB RAM/512GB SSD/Win11/Office 2021/42WHr /Black/1.38 kg), E1404FA-NK325WS",3.8,,₹,33990,https://www.amazon.in/dp/B0CCPC5DTD
ASUS,"ASUS Vivobook 15, Intel Core i5-12500H 12th Gen, 15.6"" (39.62 cm) FHD, Thin and Light Laptop (8 GB RAM/512GB SSD/Win11/Office 2021/Backlit/42WHr/Silver/1.70 kg), X1502ZA-EJ524WS",2,,₹,48990,https://www.amazon.in/dp/B0CCP83BK2
ASUS,"ASUS Creator Series Vivobook 14X OLED (2023), Intel Core i7-12650H 12th Gen, 14"" (35.56 cm) 2.8K 90Hz OLED, Laptop (16GB/1TB/4GB RTX 2050/Win11/Office 2021/FP/Black/1.4 kg), K3405ZFB-KM751WS",3.4,,₹,79990,https://www.amazon.in/dp/B0C5N1LWHV
ASUS,"ASUS Zenbook 14X OLED, Intel Core i5-12500H 12th Gen, 14"" (35.56 cm) 2.8K 90Hz OLED, Thin and Light Laptop (16GB/512GB/Win11/Office 2021/Fingerprint/Grey/1.4 kg), UX5401ZA-KM541WS",4,,₹,74990,https://www.amazon.in/dp/B0C5N4MM4M
ASUS,"ASUS Vivobook 14, IntelCore i3-1215U 12th Gen, 14"" (35.56 cm) FHD, Thin and Light Laptop (8 GB RAM/512GB SSD/Win11/Office 2021/Fingerprint/42WHr /Silver/1.40 kg), X1404ZA-NK322WS",3.9,,₹,36990,https://www.amazon.in/dp/B0CCPBPYSB
ASUS,"ASUS TUF Gaming F15 - AI Powered Gaming Laptop, Intel Core i5-11400H 11th Gen, 15.6-inch (39.62 cm) FHD 144Hz, (8GB/512GB SSD/4GB RTX 2050/Win 11/Office 21/Backlit/Black/2.30 kg),FX506HF-HN024WS",3.9,,₹,55990,https://www.amazon.in/dp/B0CD3V3CT6
ASUS,"ASUS Vivobook 15, Intel Core i5-12500H 12th Gen, 15.6"" (39.62 cm) FHD, Thin and Light Laptop (16GB/512GB/Win11/Office 2021/Silver/1.7 kg), X1502ZA-EJ544WS",3,,₹,51350,https://www.amazon.in/dp/B0CHYS9CXV
ASUS,"ASUS Vivobook 15, Intel Core i7-12650H 12th Gen, 15.6"" (39.62 cm) FHD, Thin and Light Laptop (16GB/512GB/Win11/Office 2021/Blue/1.7 kg), X1502ZA-EJ741WS",3.9,,₹,59990,https://www.amazon.in/dp/B0C5N2SM8K
ASUS,"ASUS Vivobook 15 (2023), Intel Core i5-13500H 13th Gen, 15.6"" (39.62 cms) FHD, Thin and Light Laptop (16GB/512GB SSD/Intel Iris Xᵉ/Win 11/Office 2021/Backlit KB/Blue/1.7 kg), X1502VA-NJ541WS",3.7,,₹,61990,https://www.amazon.in/dp/B0C1GDVT65
ASUS,"ASUS Vivobook 14X OLED, Intel Core i9-13900H 13th Gen, 14"" (35.56 cm) 2.8K 90Hz OLED, Creator Laptop (16 GB RAM/1TB SSD/4GB RTX 3050/Win11//Backlit KB/Fingerprint/Black/1.45 kg), K3405VCB-KM951WS",4.8,,₹,109990,https://www.amazon.in/dp/B0CFW153V3
ASUS,"ASUS Creator Series Vivobook Pro 16 OLED 2023, Intel Core i5-13500H 13th Gen, 16.0-inch 3.2K 120Hz, Laptop (16GB/512GB SSD/NVIDIA GeForce RTX 4050/Win11/FP/96WHr/Silver/1.90 kg),K6602VU-LZ542WS",3.8,,₹,121990,https://www.amazon.in/dp/B0C37DBSMF
ASUS,"ASUS Vivobook 16X (2022), 16-inch (40.64 cms) FHD+, AMD Ryzen 7 5800HS, Thin and Light Laptop (16GB/512GB SSD/Integrated Graphics/Windows 11/Office 2021/Quiet Blue/1.8 kg), M1603QA-MB711WS",3.4,,₹,57990,https://www.amazon.in/dp/B09ZV547J3
ASUS,"ASUS Vivobook 15 OLED (2023), AMD Ryzen 5 7530U, 15.6"" (39.62 cm) FHD OLED, Thin and Light Laptop (16GB/512GB SSD/Windows 11/Office 2021/Backlit KB/FP Sensor/Black/1.7 Kg), M1505YA-LK541WS",3.6,,₹,56990,https://www.amazon.in/dp/B0BQSNSY42
ASUS,"ASUS Vivobook 15 OLED (2023), AMD Ryzen 7 7730U, 15.6"" (39.62 cms) FHD OLED, Thin and Light Laptop (16GB/512GB SSD/Windows 11/Office 2021/Backlit KB/Fingerprint/Silver/1.7 kg), M1505YA-LK742WS",,,₹,65990,https://www.amazon.in/dp/B0C1GFT3KJ
ASUS,"ASUS ROG Zephyrus G14 (2022), 14"" (35.56 cm) QHD+ 16:10 120Hz/3ms, AMD Ryzen 7 6800HS, 8GB Radeon RX 6700S, Gaming Laptop (16GB/1TB SSD/Windows 11/Office/Gray/Anime Matrix/1.72 Kg), GA402RJ-L8182WS",5,,₹,152990,https://www.amazon.in/dp/B0B5S668QJ
ASUS,"ASUS Vivobook Go 15 OLED (2023), Intel Core i3-N305, 15.6"" (39.62 cms) FHD OLED, Thin and Light Laptop (8GB/512GB SSD/Windows 11/Office 2021/Backlit KB/Black/1.63 kg), E1504GA-LK322WS",3.1,,₹,44890,https://www.amazon.in/dp/B0C1GGC7C8
ASUS,"ASUS TUF Gaming F17 (2022), 17.3""(43.94 cms) FHD 144Hz, Intel Core i5-12500H 12th Gen, RTX 3050 4GB GPU, Gaming Laptop (16GB/512GB SSD/90WHr Battery/Windows 11/Gray/2.6 Kg), FX707ZC4-HX067W",3.4,,₹,74990,https://www.amazon.in/dp/B0C8JJWSXP
ASUS,"ASUS ROG Zephyrus G14 (2023) 76WHr Battery, AMD Ryzen 9 7940HS, 14"" QHD+ 165Hz/3ms, 6GB RTX 4050, Gaming Laptop (16GB/1TB SSD/Windows 11/Office 2021/White Anime Matrix/1.72 Kg), GA402XU-N2044WS",,,₹,169800,https://www.amazon.in/dp/B0C4TVK3CB
ASUS,"ASUS Vivobook 15 (2023), Intel Core i5-1335U 13th Gen, 15.6"" (39.62 cms) FHD, Thin and Light Laptop (8GB/512GB SSD/Intel Iris Xᵉ/Win 11/Office 2021/Backlit KB/Blue/1.7 kg), X1504VA-NJ521WS",3.7,,₹,55990,https://www.amazon.in/dp/B0C1GKNK74
ASUS,"ASUS Vivobook S 15 OLED (2023), Intel Core EVO i9-13900H 13th Gen, 15.6"" (39.62 cm) 2.8K 120Hz OLED, Thin & Light Laptop (16GB/1TB SSD/Iris Xe/Win 11/Office 2021/75WHr/Silver/1.7 kg) S5504VA-MA953WS",4.3,,₹,104990,https://www.amazon.in/dp/B0C1GG71Y6
ASUS,"ASUS Vivobook 15 OLED (2023), AMD Ryzen 7 7730U, 15.6"" (39.62 cm) FHD OLED, Thin & Light Laptop (16GB/512GB SSD/Windows 11/Office 2021/Alexa/Backlit KB/FP Sensor/Indie Black/1.70 kg), M1505YA-LK741WS",4,,₹,65990,https://www.amazon.in/dp/B0BXPWS41N
ASUS,"ASUS VivoBook 15, Intel Core i3-1115G4 11th Gen, 15.6"" (39.62 cm) FHD, Thin and Light Laptop (8GB/512 SSD/Windows 11/Office 2021/FP Sensor/Transparent Silver/1.8 kg), X1500EA-EJ3379WS",3.6,,₹,33350,https://www.amazon.in/dp/B0BSTX788T
ASUS,"ASUS TUF Gaming F15 (2021), 15.6"" (39.62 cms) FHD 240Hz, Intel Core i9-11900H 11th Gen, GeForce RTX 3060 6GB Graphics, Gaming Laptop(16GB/1TB SSD/Office 2019/Windows 10/Gray/2.3 Kg), FX566HM-AZ096TS",4.3,,₹,144990,https://www.amazon.in/dp/B096VJW3QH
ASUS,"ASUS Vivobook 15 OLED (2022) Intel Core i5 12th Gen - (16 GB/512 GB SSD/Windows 11 Home) X1505ZA-L1511WS 15.6 Inch (40 cm) Thin & Light Laptop (Indie Black, 1.7 Kg, with MS Office)",4.2,,₹,61990,https://www.amazon.in/dp/B0BJS7BLY4
ASUS,"ASUS Vivobook 15, Intel Core i5-1235U 12th Gen, 15.6"" (39.62 cm) FHD, Thin and Light Laptop (8GB RAM/512GB SSD/Windows 11 Home/Office 2021/Backlit Keyboard/Quiet Blue/1.7 kg), X1502ZA-EJ532WS",3.5,,₹,46900,https://www.amazon.in/dp/B0C53FBJ19
ASUS,"ASUS Vivobook Pro 15, AMD Ryzen 7 6800HS, 15.6"" (39.62 cm) FHD, Creator Laptop (16 GB RAM/512GB SSD/4GB RTX 3050/Win11//Backlit KB/Fingerprint/Silver/1.80kg), M6500RC-HN742WS",,,₹,74990,https://www.amazon.in/dp/B0CFW2HB2V
ASUS,"ASUS ROG Zephyrus G14 (2022), 14"" (35.56 cm) FHD+ 16:10 144Hz/3ms, AMD Ryzen 7 6800HS, 8GB Radeon RX 6700S, Gaming Laptop (16GB/1TB SSD/Windows 11/with Office/Eclipse Gray/1.65 Kg), GA402RJZ-L4134WS",2.9,,₹,126990,https://www.amazon.in/dp/B0B5S3N4NP
ASUS,"ASUS ROG Flow X13 (2022), 13.4"" (34.03 cms) FHD+ 16:10, 120Hz Touch, AMD Ryzen 7 6800HS, 4GB RTX 3050 Ti Graphics, 2-in-1 Gaming Laptop (32GB/1TB SSD/Win 11/Office 2021/Black/1.3 Kg), GV301RE-LJ199WS",2.9,,₹,147990,https://www.amazon.in/dp/B0BCKKNSN8
ASUS,"ASUS TUF Gaming F15 (2022), Intel Core i5-12500H 12th Gen, 15.6"" (39.62 cm) FHD, Gaming Laptop (8GB/512GB/4GB NVIDIA GeForce RTX 3050 /Win11/1-Zone RGB Backlit KB/90WHr/Gray/2.2 kg), FX507ZC4-HN115W",4.3,,₹,70990,https://www.amazon.in/dp/B0C7R342NJ
ASUS,"ASUS Vivobook 15, Intel Core i5-1235U 12th Gen, 15.6"" (39.62 cm) FHD, Thin & Light Laptop (8GB/512GB SSD/Intel Iris Xᵉ Graphics/Windows 11/Office 2021/Alexa/FP Sensor/Silver/1.7 kg), X1502ZA-EJ515WS",4.5,,₹,47990,https://www.amazon.in/dp/B0BM6N4DCN
ASUS,"ASUS Creator Series Vivobook Pro 16 OLED 2023, Intel Core i9-13900H 13th Gen, 16.0-inch 3.2K 120Hz, Laptop (16GB/1TB SSD/NVIDIA GeForce RTX 4050 /Win11/FP/96WHr/Silver/1.90 kg),K6602VU-LZ952WS",3.6,,₹,154990,https://www.amazon.in/dp/B0C37DRJRF
ASUS,"ASUS BR1100 Notebook 12 (2022), 11.6-inch HD, Intel Celeron N4500, (4GB RAM/128GB M.2 NVMe™ PCIe®/Integrated Graphics/Windows 11 Home/Star Grey/1.26 Kg), BR1100CKA-GJ0722W",3.9,,₹,17990,https://www.amazon.in/dp/B09VPMHSJ6
ASUS,"ASUS Vivobook S 15 OLED (2023), Intel Core EVO i5-13500H 13th Gen, 15.6"" (39.62 cm) 2.8K 120Hz OLED, Thin & Light Laptop (16GB/512GB SSD/Windows 11/Office 2021/75WHr/Silver/1.7 kg) S5504VA-MA543WS",3.9,,₹,83990,https://www.amazon.in/dp/B0C1GGLV9Z
ASUS,"ASUS TUF Gaming F15, 15.6-inch (39.62 cms) FHD 144Hz, Intel Core i7-12700H 12th Gen, 4GB NVIDIA GeForce RTX 3050, Gaming Laptop (16GB/1TB SSD/Windows 11/90WHrs Battery/Gray/2.20 Kg), FX577ZC-HN192W",4.2,,₹,85990,https://www.amazon.in/dp/B0CCYDKS4P
ASUS,"ASUS ROG Strix G17 (2022), 17.3-inch (43.94 cms) FHD 144Hz, AMD Ryzen 7-6800HS, RTX 3050 4GB Graphics, Gaming Laptop (16GB/512GB SSD/Windows 11/Gray/2.5 Kg),G713RC-HX109WS",3.5,,₹,86990,https://www.amazon.in/dp/B0CJ34MB5Y
ASUS,"ASUS Vivobook 15, IntelCore i7-12650H 12th Gen, 15.6"" (39.62 cm) FHD, Thin and Light Laptop (16 GB RAM/512GB SSD/Win11/Office 2021/Backlit/42WHr /Silver/1.75), X1502ZA-EJ742WS",3.9,,₹,59990,https://www.amazon.in/dp/B0CCP9RSG9
ASUS,"ASUS Creator Series Vivobook 16X (2023), Intel Core i5-12450H 12th Gen, 16"" (40.64 cm) FHD+, Laptop (16GB/512GB/4GB RTX 2050/Win11/Office 2021/FP/Black/1.8 kg), K3605ZF-MBN543WS",4,,₹,62990,https://www.amazon.in/dp/B0C5N4RM5Z
ASUS,"ASUS ROG Zephyrus M16 (2022), 16"" (40.64 cm) QHD+ 16:10 165Hz/3ms, Intel Core i7-12700H 12th Gen, 6GB RTX 3060, Gaming Laptop (16GB/512GB SSD/Windows 11/Office 2021/Black/2 Kg), GU603ZM-K8034WS",,,₹,134990,https://www.amazon.in/dp/B0B93WLZ12
ASUS,"ASUS Rog Zephyrus M16 (2022) 16 Inches 2K Qhd 165Hz/3Ms, Intel Core I9-12900H 12Th Gen, RTX 3080 Ti 16Gb Graphics, Gaming Laptop (32Gb/2Tb Ssd/Windows 11 Home/Office 2021/Black/2 Kg) Gu603Zx-K8024Ws",3.9,,₹,214990,https://www.amazon.in/dp/B09WJB2BD2
ASUS,"ASUS Vivobook 15 OLED (2023), Intel Core i5-1335U 13th Gen, 15.6"" (39.62 cm) FHD OLED, Thin and Light Laptop (16GB/512GB/Win11/Office 2021/Fingerprint/Silver/1.7 kg), X1505VAU-LK544WS",4.6,,₹,65990,https://www.amazon.in/dp/B0C5N36K7G
ASUS,"ASUS ROG Zephyrus G14 (2022), 14"" (35.56 cm) QHD+ 16:10 120Hz/3ms, AMD Ryzen 7 6800HS, 8GB Radeon RX 6700S, Gaming Laptop (16GB/1TB SSD/Windows 11/Office/White/Anime Matrix/1.72 Kg), GA402RJ-L8181WS",3.8,,₹,150053,https://www.amazon.in/dp/B0B5S4R4XW
ASUS,"ASUS ROG Zephyrus M16 (2022), 16-inch (40.64 cms) 2K QHD 165Hz/3ms, Intel Core i9-12900H 12th Gen, RTX 3070 Ti 8GB Graphics, Gaming Laptop (32GB/1TB SSD/Win 11/Office 2021/Black/2 Kg), GU603ZW-K8033WS",5,,₹,221990,https://www.amazon.in/dp/B09WJ7V6HZ
ASUS,"ASUS Vivobook S 14 Flip (2023), AMD Ryzen 5 7530U, 14"" (35.56 cm) FHD+ Touch, Thin & Light Laptop (8GB/512GB SSD/Windows 11/Office 2021/Alexa Built-in/Backlit KB/Silver/1.50 kg), TN3402YAB-LZ522WS",3.7,,₹,60990,https://www.amazon.in/dp/B0BTWDFKVV
ASUS,"ASUS Vivobook 16 (2023), Intel Core i9-13900H 13th Gen, 16"" (40.64 cm) FHD+, Thin & Light Laptop (16GB/512GB SSD/Intel Iris Xe/Win 11/Office 2021/Backlit KB/Fingerprint/Black/1.88 kg) X1605VA-MB947WS",2.6,,₹,84990,https://www.amazon.in/dp/B0CHMZRC89
ASUS,"ASUS Zenbook 14 (2023), AMD Ryzen 7 7730U, 14"" (35.56 cm) 2.5K, Thin & Light Laptop (16GB/512GB SSD/Windows 11/Office 2021/Alexa Built-in/Backlit KB/FP Sensor/Jade Black/1.35 kg), UM3402YA-KP741WS",4.4,,₹,79990,https://www.amazon.in/dp/B0BTWFKBDQ
ASUS,"ASUS ZenBook 13 UX333FA-A5822TS Intel Core i5 10th Gen 13.3 inches 8GB RAM/512GB PCIe SSD/Windows 10/MS-Office 2019/Integrated Graphics FHD Thin & Light business Laptop (1.27 Kg), Icicle Silver",3.1,,₹,86990,https://www.amazon.in/dp/B07YSHBG2B
ASUS,"ASUS ROG Strix G16 (2023) 90WHr Battery, Intel Core i5-13450HX 13th Gen, 16"" FHD+ 165Hz, 6GB RTX 4050, Gaming Laptop (16GB/1TB SSD/Windows 11/Office 2021/4-Zone RGB/Green/2.50 Kg), G614JU-N3222WS",1.2,,₹,144990,https://www.amazon.in/dp/B0C4TSZHLB
ASUS,"ASUS Vivobook Go 14 (2023), AMD Ryzen 3 7320U, 14-inch (35.56 cm) FHD, Thin & Light Laptop (8GB/512GB SSD/Windows 11/Office 2021/Alexa Built-in/Grey Green/1.38 kg), E1404FA-NK323WS",3.8,,₹,33990,https://www.amazon.in/dp/B0C7HDXQ1C
ASUS,"ASUS ROG Zephyrus Duo 16 (2023) Dual Screen Laptop, 16"" (40.64 cm) QHD+ 240Hz/3ms, AMD Ryzen 9 7945HX, 12GB RTX 4080, Gaming Laptop (32GB/2TB SSD/Windows 11/With Office/Black/2.67 Kg), GX650PZ-NM047WS",5,,₹,369825,https://www.amazon.in/dp/B0BY353SDJ
ASUS,"ASUS ROG Zephyrus M16 (2023), Intel Core i9 13th Gen, 16"" (40.64 cm) Mini-LED QHD+ 240Hz/3ms, 16GB RTX 4090, Gaming Laptop (32GB/2TB SSD/Win 11/90WHr Battery/Black/Anime Matrix/2.3 Kg) GU604VY-NM058WS",5,,₹,359890,https://www.amazon.in/dp/B0BW3BYRC7
ASUS,"ASUS Vivobook Pro 16, Intel Core i9 11th Gen, 16"" (40.64 cm) FHD+ 120Hz, Thin & Light Laptop (16GB/512GB SSD/4GB RTX 3050/Win 11/Office 2021/Alexa/Backlit KB/FP Sensor/Silver/1.9 kg), K6602HC-N1902WS",4,,₹,89990,https://www.amazon.in/dp/B0BLP2GR8Z
ASUS,"ASUS ZenBook UX330 UX330UA-FB088T 13.3 inches Laptop (Intel Core i7-7500U/8GB/512GB/Windows 10/Integrated Graphics), 1.2kg",3.3,,₹,94960,https://www.amazon.in/dp/B06X9QH1PY
ASUS,"ASUS EeeBook 12 Celeron Dual Core - (4 GB/64 GB EMMC Storage/Windows 11 Home) E210MA-GJ011W Thin and Light Laptop (11.6 Inch, Peacock Blue, 1.05 kg)",,,₹,22490,https://www.amazon.in/dp/B0B2T1JRLS
ASUS,"ASUS ROG Flow Z13 (2023) 56WHr Battery, Intel Core i9-13900H 13th Gen, 13.4"" QHD+ 165Hz, 8GB RTX 4060, 2-in-1 Gaming Laptop (16GB/1TB SSD/Windows 11/Office 2021/Black/1.18 Kg), GZ301VV-MU014WS",5,,₹,209139,https://www.amazon.in/dp/B0C4TSS2XR
ASUS,"ASUS BR1100 Laptop, 11.6"" (29.46cm) HD Anti-Glare Display, Intel Celeron N4500, 8GB RAM, 128GB SSD, MIL-STD 810H Durability, Windows 10 Home, Dark Grey, BR1100CKA-GJ0746W",,,₹,19990,https://www.amazon.in/dp/B0CH39Y5W1
ASUS,"ASUS Vivobook 15 (2023), Intel Core i3-1315U 13th Gen, 15.6"" (39.62 cms) FHD, Thin and Light Laptop (8GB/512GB SSD/Windows 11/Office 2021/Fingerprint/Silver/1.7 kg), X1504VA-NJ324WS",4.1,,₹,43990,https://www.amazon.in/dp/B0BRY19K7R
ASUS,"ASUS Vivobook 14, Intel Core i3-1115G4 11th Gen, 14"" (35.56 cms) FHD, Thin and Light Laptop (8GB/512GB SSD/Windows 11/Office 2021/Transparent Silver/1.60 kg), X1400EA-EK322WS",3.9,,₹,32990,https://www.amazon.in/dp/B0C3CNRQD1
ASUS,"ASUS TUF Gaming F15, Intel Core i5-11400H 11th Gen, 15.6"" (39.62 cm) FHD 144Hz, 4GB RTX 3050 Graphics, Gaming Laptop (16GB/512GB SSD/Windows 11/Office 2021/90WHr Battery/Black/2.3 kg), FX506HC-HN362WS",3.9,,₹,65990,https://www.amazon.in/dp/B0BLNYWN7M
ASUS,"ASUS Vivobook 16X, AMD Ryzen 7 5800HS, 16"" (40.64 cm) WUXGA, Thin & Light Laptop (16GB/512GB SSD/Integrated Graphics/Windows 11/Office 2021/Backlit/Fingerprint/Silver/1.88 kg), M1603QA-MB742WS",4.2,,₹,56990,https://www.amazon.in/dp/B0C1YY11X3
ASUS,"ASUS VivoBook K15 OLED (2021), 15.6"" (39.62 cms) FHD OLED, Intel Core i3-1115G4 11th Gen, Thin and Light Laptop (8GB/512GB SSD/Integrated Graphics/Office 2021/Windows 11/Black/1.8 Kg) K513EA-L312WS",4.3,,₹,40990,https://www.amazon.in/dp/B09XBJN9WP
ASUS,"ASUS Zenbook 14 Flip OLED (2023), Intel Core EVO i7-1360P 13th Gen, 14"" (35.56 cm) 2.8K 90Hz OLED, Thin & Light Laptop (16GB/1TB SSD/Iris Xe/Win 11/Office 2021/75WHr/Silver/1.5 kg), UP3404VA-KN753WS",4.1,,₹,129990,https://www.amazon.in/dp/B0C1GGK8G1
ASUS,"ASUS TUF Gaming F15, 15.6""(39.62 cms) FHD 144Hz, Intel Core i7-11800H 11th Gen, 4GB NVIDIA GeForce RTX 3050 Ti, Gaming Laptop (16GB/512GB SSD/Windows 11/90WHrs Battery/Black/2.30 Kg), FX506HE-HN382W",4.2,,₹,69990,https://www.amazon.in/dp/B0CCYGC3TS
ASUS,"ASUS Vivobook S15 OLED (2022) 15.6"" (39.62 cms) FHD OLED, Intel Core Evo i5-12500H 12th Gen, Thin and Light Laptop (16GB/512GB SSD/Iris Xe Graphics/Windows 11/Office 2021/Green/1.8 kg) K3502ZA-L503WS",3.7,,₹,68990,https://www.amazon.in/dp/B09YHCC26T
ASUS,"ASUS Creator Series Vivobook 16X (2023), Intel Core i7-12650H 12th Gen, 16"" (40.64 cm) FHD+ 120Hz, Laptop (16GB/512GB/8GB RTX 4060 /Win11/Office 2021/FP/70WHr /Black/1.8 kg), K3605ZV-MB741WS",2.6,,₹,104990,https://www.amazon.in/dp/B0C5N2K738
ASUS,ASUS Vivobook 15 OLED Creator M6500QC-LK541WS AMD Ryzen™ 5 5600H / NVIDIA® RTX™ 3050 GPU/4GB GDDR6/16GB DDR4/512GB PCIe® 3.0 SSD/15.6-inch FHD OLED 16:9/Quiet Blue/FP/Backlit KB/Win 11 Home/MS Office,,,₹,67990,https://www.amazon.in/dp/B0CF5XJHGB
ASUS,"ASUS ROG Zephyrus G14 (2022), 14"" (35.56 cm) QHD+ 16:10 120Hz/3ms, AMD Ryzen 9 6900HS, 8GB RX 6700S, Gaming Laptop (16GB/1TB SSD/Windows 11/Office 2021/Gray/Anime Matrix/1.72 Kg), GA402RJ-L8069WS",3.5,,₹,171990,https://www.amazon.in/dp/B0B941J47L
ASUS,"ASUS Creator Series Vivobook 16X 2023, Intel Core i5-12450H 12th Gen, 16.0-inch FHD+ 120Hz, Laptop (8GB/512GB SSD/NVIDIA GeForce RTX 2050/Win11/FP/Silver/1.80 kg),K3605ZF-MB522WS",3.7,,₹,58990,https://www.amazon.in/dp/B0C37G1BPL
ASUS,"ASUS Creator Series Vivobook 16X (2023), Intel Core i5-12450H 12th Gen, 16"" (40.64 cm) FHD+ 120Hz, Laptop (16GB/512GB/6GB RTX 4050 /Win11/Office 2021/FP/70WHr /Black/1.8 kg), K3605ZU-MB541WS",4,,₹,89990,https://www.amazon.in/dp/B0C5N4K9HB
ASUS,"ASUS Vivobook 16X, Intel Core i5-12450H 12th Gen, 16-inch (40.64 cm) FHD+, Thin and Light Laptop (16 GB RAM/512GB SSD/6GB RTX 4050/Win11/Office 2021/Backlit/FP/70WHr /Black/3.97 kg), K3605ZU-MBN541WS",,,₹,89990,https://www.amazon.in/dp/B0CCPBZX3R
ASUS,"ASUS ROG Strix G16 (2023) 90WHr Battery, Intel Core i7-13650HX 13th Gen, 16"" FHD+ 165Hz, 6GB RTX 4050, Gaming Laptop (16GB/1TB SSD/Windows 11/Office 2021/4-Zone RGB/Green/2.50 Kg), G614JU-N3201WS",2.9,,₹,151619,https://www.amazon.in/dp/B0C4TS2JJ1
ASUS,"ASUS TUF Gaming A15, 15.6""(39.62 cms) FHD 144Hz, AMD Ryzen 5 4600H, 4GB GeForce GTX 1650 Laptop (16GB/512GB SSD/Win11/Black/2.3 Kg),FA506IHRZ-HN113W",4.3,,₹,64800,https://www.amazon.in/dp/B0BVQS5K7B
ASUS,"ASUS ROG Zephyrus M16 (2022), 16-inch (40.64 cms) 2K QHD 165Hz/3ms, Intel Core i7-12700H 12th Gen, RTX 3060 6GB Graphics, Gaming Laptop (16GB/1TB SSD/Win 11/Office 2021/Black/2 Kg), GU603ZM-K8035WS",3.9,,₹,139990,https://www.amazon.in/dp/B09WJ88HRZ
ASUS,"ASUS Vivobook 14 Flip (2023), Intel Core i5-1335U 13th Gen, 14"" (35.56 cms) FHD+, Thin and Light Laptop (16GB/512GB SSD/Windows 11/Office 2021/Backlit KB/Fingerprint/Silver/1.5 kg), TP3402VAB-LZ542WS",5,,₹,76990,https://www.amazon.in/dp/B0C1GHK9DT
ASUS,"ASUS Eeebook 14, 14-inch (35.56 cms) HD, Intel Pentium Silver N6000, Thin and Laptop (4GB/256GB SSD/Integrated Graphics/Windows 11/Office 2021/Black/1.3 kg), E410KA-BV121WS",4.2,,₹,29990,https://www.amazon.in/dp/B0B4WJK6SF
ASUS,"ASUS Zenbook 14 (OLED) 2023, AMD Ryzen 7 7730U, 14"" (35.56 cm) 2.8K OLED 90Hz, Thin & Light Laptop (16GB/512GB SSD/Windows 11/Office 2021/Alexa/Backlit KB/FP Sensor/Black/1.39 kg), UM3402YA-KM741WS",,,₹,92300,https://www.amazon.in/dp/B0BTWCJNXD
ASUS,"ASUS Vivobook S 15 2022, Intel Core EVO i5-12500H 12th Gen, 15.6-inch (39.62 cms) FHD, Thin & Light Laptop (8GB/512GB SSD/Win11/Office 2021/Backlit/FingerPrint/70WHr/Black/1.80 kg), K3502ZA-KJ522WS",4.1,,₹,56990,https://www.amazon.in/dp/B0BRYYGD6Z
ASUS,"ASUS Zenbook 14 Flip OLED (2023), Intel Core EVO i5-1340P 13th Gen, 14"" (35.56 cm) 2.8K 90Hz OLED, Thin & Light Laptop (16GB/512GB SSD/Windows 11/Office 2021/75WHr/Silver/1.5 kg) UP3404VA-KN543WS",5,,₹,104990,https://www.amazon.in/dp/B0C1GH9RKB
ASUS,"ASUS Zenbook 14 Flip OLED (2022),14"" (35.5Cms) 2.8K OLED 16:10 90Hz Touch,Core I5-12500H 12Th Gen,2-in-1 Laptop (16Gb/512Gb Ssd/Iris Xe Graphics/Win 11/Office 2021/Grey/1.4Kg),Up5401Za-Kn501Ws,Intel",4.1,,₹,95550,https://www.amazon.in/dp/B0B7B456Q9
ASUS,ASUS AMD R7-4800H 15.6 inches FHD-144hz Gaming Laptop/GTX1650-4GB/8GB/512G SSD/Backlit KB- 4 Zone RGB/56Wh/Windows 10 Home/Office Home & Student,5,,₹,80490,https://www.amazon.in/dp/B09DYJ5BLB
ASUS,"ASUS Zenbook S 13 OLED (2023), 1kg Weight & 1cm Thin, Intel Core EVO i5 13th Gen, 13.3 Inch 2.8K OLED, Thin & Light Laptop (16GB/512GB SSD/Iris Xe/Win 11/Office 2021/63WHrs/Blue), UX5304VA-NQ541WS",3,,₹,97990,https://www.amazon.in/dp/B0C1GFMWZ4
ASUS,"ASUS ROG Strix G17 (2022), 17.3"" (43.94 cm) WQHD 240Hz/3ms, AMD Ryzen 9 6900HX, 8GB RTX 3080, Gaming Laptop (16GB/1TB SSD/90WHrs Battery/Windows 11/with Office/Green/2.90 Kg), G713RS-LL023WS",3.8,,₹,178990,https://www.amazon.in/dp/B0B5S65L2G
ASUS,"ASUS Vivobook 15X OLED (2023), Intel Core i5-1340P 13th Gen, 15.6"" (39.62 cm) FHD OLED, Thin & Light Laptop (16GB/512GB SSD/Iris Xᵉ Graphics/Win 11/Office 2021/Silver/1.6 kg), K3504VA-LK542WS",5,,₹,70000,https://www.amazon.in/dp/B0C1GH58K3
ASUS,"ASUS Vivobook 15 (2023), Intel Core i5-1335U 13th Gen, 15.6"" (39.62 cm) FHD, Thin and Light Laptop (16GB/512GB/Win11/Office 2021/Fingerprint/Blue/1.7 kg), X1504VA-NJ543WS",1,,₹,61990,https://www.amazon.in/dp/B0C5N5J44V
ASUS,"ASUS VivoBook K15 OLED (2022) Core i5 11th Gen - (16 GB/1 TB HDD/256 GB SSD/Windows 11 Home) K513EA-L523WS Thin and Light Laptop (15.6 inch, Transparent Silver, 1.80 kg, with MS Office)",5,,₹,63690,https://www.amazon.in/dp/B09YWTYGPN
ASUS,ASUS 15-X515EA-BQ391TS Intel Core i3-1115G4 15.6 inches FHD VivoBook (8GB RAM/1TB HDD/Windows 10 Home + McAfee/Ms Office H&S 2019/ FP Reader /1.75 kg / Grey),3.6,,₹,37599,https://www.amazon.in/dp/B09F3M11GX
ASUS,"ASUS VivoBook Ultra K15, Intel Core i3-1115G4 11th Gen, 15.6"" (39.62 cms) FHD OLED, Thin and Light Laptop (8GB/256 SSD/Windows 11/Office 2021/Backlit KB/FP Sensor/Black/1.8 kg), K513EA-L302WS",3.7,,₹,40300,https://www.amazon.in/dp/B0BJQL9FS7
ASUS,"ASUS TUF Gaming F17, Intel® Core™ i5-12500H 12th Gen, 17.3-inch (43.94 cm) FHD 144Hz, Gaming Laptop (8GB RAM/512GB SSD/4GB RTX 3050/Win11 Home/Office 2021/Backlit KB/Gray/2.60kg), FX707ZC4-HX048WS",,,₹,75980,https://www.amazon.in/dp/B0CKJ9GNH9
ASUS,"ASUS Rog Flow X13 (2022) with Rx 6850M Xt Egpu,13.4"" (34.03 Cm) Uhd+ Touch,Ryzen 7 6800Hs,4Gb RTX 3050 Ti Graphics,2-in-1 Gaming Laptop (32Gb/1Tb Ssd/Win 11/Office/Black/1.3 Kg),Gv301Re-Li200Ws,AMD",,,₹,179990,https://www.amazon.in/dp/B0BCKLSZ84
ASUS,"ASUS Vivobook Go 14 (2023), Intel Core i3-N305, 14"" (35.56 cms) FHD, Thin and Light Laptop (8GB/512GB SSD/Integrated Graphics/Windows 11/Office 2021/Fingerprint/Grey/1.38 kg), E1404GA-NK323WS",,,₹,37590,https://www.amazon.in/dp/B0C1GKSPMR
ASUS,"ASUS Vivobook 16X (2023), Intel Core i5-12450H 12th Gen, 16"" (40.64 cm) FHD+, Thin and Light Laptop (16GB/512GB/4GB RTX 2050/Win11/Office 2021/Fingerprint/Silver/1.8 kg), K3605ZF-MB542WS",4,,₹,63990,https://www.amazon.in/dp/B0CGHQPXS8
ASUS,"ASUS Zenbook 14 OLED (2023), Intel Core i7-1360P 13th Gen, 14"" (35.56 cm) 2.8K 90Hz OLED, Thin & Light Laptop (16GB/512GB SSD/Iris Xe/Win 11/Office 2021/75W Battery/Silver/1.39 kg), UX3402VA-KN742WS",,,₹,115700,https://www.amazon.in/dp/B0C1GLHDJJ
ASUS,"ASUS Zenbook 14 OLED, Intel Core i7-1260P 12th Gen, 14"" (35.56 cm) 2.8K OLED 90Hz Touch, Thin & Light Laptop (16GB/512GB SSD/Windows 11/Office 2021/Alexa/Backlit KB/Blue/1.39 kg), UX3402ZA-KN731WS",3,,₹,103990,https://www.amazon.in/dp/B0BMPK19NK
ASUS,"ASUS VivoBook Ultra K15 (2021), 15.6-inch (39.62 cms) FHD AMD Ryzen 7 5700U, Thin and Light Laptop (8GB/1TB HDD + 256GB SSD/Office 2019/Windows 10/Integrated Graphics/Black/1.8 kg), KM513UA-BQ712TS",4.3,,₹,74850,https://www.amazon.in/dp/B096W2YVCJ
ASUS,"ASUS TUF Gaming A15, 15.6-inch (39.62 cms) FHD 144Hz, AMD Ryzen 5 4600H, 4GB NVIDIA GeForce GTX 1650, Gaming Laptop (8GB/512GB SSD/90WHrs Battery/Windows 11/Black/2.3 Kg), FA506IHRB-HN079W",4.4,,₹,61990,https://www.amazon.in/dp/B09ZXPNJYQ
ASUS,"ASUS Vivobook 16, Intel®Core™ i3-1215U 12th Gen, 16"" (40.64 cm) FHD+, Thin and Light Laptop (16 GB RAM/512GB SSD/Win11/FingerPrint/Black/1.88kg), X1605ZAB-MB342WS",,,₹,42990,https://www.amazon.in/dp/B0CFVY1V5X
ASUS,"ASUS Vivobook 15 OLED (2023), AMD Ryzen 5 7530U, 15.6"" (39.62 cms) FHD OLED, Thin and Light Laptop (16GB/512GB SSD/Windows 11/Office 2021/Backlit KB/Fingerprint/Silver/1.7 kg), M1505YA-LK542WS",1,,₹,56990,https://www.amazon.in/dp/B0C1GJPZXZ
ASUS,"ASUS Vivobook S14 OLED (2022) Intel EVO Core i5 12th Gen - (16 GB/512 GB SSD/Windows 11 Home) S3402ZA-KM502WS Thin and Light Laptop (14 Inch, Indie Black, 1.50 Kg, with MS Office)",5,,₹,76490,https://www.amazon.in/dp/B0BSLPVWT3
ASUS,"ASUS Zenbook 14 OLED (2023), Intel Core EVO i5-1340P 13th Gen, 14"" (35.56 cm) 2.8K 90Hz OLED, Thin & Light Laptop (16GB/512GB SSD/Iris Xe/Win 11/Office 2021/75WHr/Silver/1.39 kg), UX3402VA-KM542WS",2,,₹,92990,https://www.amazon.in/dp/B0C1GGKYZ5
ASUS,"ASUS Vivobook Go 14 (2023), AMD Ryzen 5 7520U, 14-inch (35.56 cm) FHD, Thin & Light Laptop (8GB/512GB SSD/Windows 11/Office 2021/Alexa Built-in/Mixed Black/1.38 kg), E1404FA-NK522WS",4.1,,₹,42480,https://www.amazon.in/dp/B0BTWFM4FS
ASUS,"ASUS Vivobook 15X (2023),Intel Core I5-1335U 13Th Gen,15.6"" (39.62 Cms) Fhd,Thin&Light Laptop (16Gb/512Gb Ssd/Iris X? Graphics/Windows 11/Office 2021/Backlit Kb/Black/1.6 Kg),K3504Vab-Nj541Ws",2,,₹,61999,https://www.amazon.in/dp/B0C1GJ38ZC
ASUS,"ASUS Vivobook Go 14 (2023), AMD Ryzen 5 7520U, 14-inch (35.56 cm) FHD, Thin & Light Laptop (8GB/512GB SSD/Windows 11/Office 2021/Alexa Built-in/Mixed Black/1.38 kg), E1404FA-NK547WS",,,₹,43990,https://www.amazon.in/dp/B0CD49SK4N
ASUS,"ASUS Strix G15 AMD R9-5900H/ RTX3050Ti- 4GB/ 8GB+8GB/ 1T SSD/ 15.6 inches FHD-300hz/ Backlit KB- 4 Zone RGB/ 56Wh/ Windows 10/ / Mouse(ROG P512), Mouse Pad(ROG)/ 1H-Electro Punk(G513QE-HF146T)",5,,₹,115000,https://www.amazon.in/dp/B09D9TJV3J
ASUS,"ASUS EeeBook 14, Intel Pentium Silver N6000, 14"" (35.56 cms) HD, Thin and Laptop (8GB/256GB SSD/Integrated Graphics/Windows 11/Office 2021/Blue/1.3 kg), E410KA-BV101WS",3,,₹,31790,https://www.amazon.in/dp/B09WG51NHS
ASUS,"ASUS Vivobook Pro 15, AMD Ryzen 5 5600H, 15.6"" (39.62 cm) FHD, Thin and Light Laptop (16 GB RAM/1TB SSD/4GB RTX 3050/Win11/Office 2021/Backlit/Fingerprint/50WHr /Blue/3.97 kg), M6500QC-HN551WS",,,₹,66990,https://www.amazon.in/dp/B0CCPBQ8NJ
ASUS,"ASUS ROG Strix Scar 18 (2023), Intel Core i9 13th Gen, 18"" (45.72 cm) QHD+ 240Hz/3ms, 16GB RTX 4090, Gaming Laptop (32GB/2TB RAID 0 SSD/Win 11/Office 2021/90WHr Battery/Black/3.1 Kg), G834JY-N6056WS",4.3,,₹,377800,https://www.amazon.in/dp/B0BW38W9VX
ASUS,"ASUS ROG Zephyrus Duo 16 (2022) Dual Screen Laptop, 16"" (40.64 cm) FHD+ 165Hz/3ms, AMD Ryzen 7 6800H, 6GB RTX 3060, Gaming Laptop (32GB/2TB SSD/Windows 11/with Office/Black/2.50 Kg), GX650RMZ-LS019WS",3.5,,,,https://www.amazon.in/dp/B0B5S41QMD
ASUS,"ASUS ROG Strix G18 (2023) 90WHr Battery, Intel Core i7-13650HX 13th Gen, 18"" FHD+ 165Hz, 8GB RTX 4060, Gaming Laptop (16GB/1TB SSD/Windows 11/Office 2021/Per-Key RGB/Green/3.00 Kg), G814JV-N5064WS",4.3,,,,https://www.amazon.in/dp/B0C4TTBGDZ
ASUS,"(Refurbished) ASUS ROG Flow X16 (2022), 16""(40.64 cm) QHD+ 16:10 165Hz/3ms, Touch, AMD Ryzen 7 6800HS, 6GB RTX 3060, 2-in-1 Gaming Laptop (16GB/1TB SSD/90WHrs Battery/Win 11/Office 2021/Black/2 Kg) GV601RM-M6055WS",,,₹,110490,https://www.amazon.in/dp/B0CJYCFKB3
ASUS,"ASUS VivoBook 15 (2020) Intel Core i3-1005G1 10th Gen, 15.6""(39.62cms) FHD Thin and Light Laptop (4GB RAM/1TB HDD/Windows 10/Integrated Graphics/Slate Grey/1.8 Kg), X515JA-EJ301T",3.5,,₹,35989,https://www.amazon.in/dp/B08PQVXSVK
ASUS,ASUS VivoBook 15 Intel Core i5-1035G1 (8GB RAM/512GB M.2 SSD/Win 11/MS Office H&S 2021/1 Yr. McAfee/Intel UHD Graphics/15.6-inch FHD/FP Reader/1.8 kg/Silver/1 Yr. Warranty) X515JA-EJ552WS,4.3,,₹,46899,https://www.amazon.in/dp/B0BB7P4JDW
ASUS,"ASUS Vivobook Go 15 OLED (2023), Intel Core i3-N305, 15.6"" (39.62 cms) FHD OLED, Thin and Light Laptop (8GB/512GB SSD/Windows 11/Office 2021/Backlit KB/Silver/1.63 kg), E1504GA-LK321WS",1,,₹,45250,https://www.amazon.in/dp/B0BRZVQZDK
ASUS,"(Refurbished) ASUS TUF Gaming F15 (2022), 15.6-inch (39.62 cms) FHD 144Hz, Intel Core i7-12700H 12th Gen",5,,₹,77340,https://www.amazon.in/dp/B0B1BVDF1V
ASUS,"ASUS Vivobook 15X (2023), Intel Core i3-1315U 13th Gen, 15.6"" (39.62 cms) FHD, Thin and Light Laptop (8GB/512GB SSD/Windows 11/Office 2021/Backlit KB/Black/1.6 kg), K3504VAB-NJ321WS",5,,₹,44990,https://www.amazon.in/dp/B0C1GF5YVZ
ASUS,"ASUS ROG Flow 13.4"" 16:10 2-in-1 Touch Light & Thin Gaming Laptop, 8-Core Ryzen 9 6900HS, Wide UXGA (1920x1200) 120Hz IPS, RTX 3050 Ti, WiFi 6,16GB DDR5 RAM, 1TB PCIe 4.0 SSD, w/Mouse Pad",4.4,,₹,157115,https://www.amazon.in/dp/B09Z2WQB43
ASUS,"(Refurbished) ASUS Vivobook 15, Intel Core i7-12650H 12th Gen, 15.6"" (39.62 cm) FHD, Thin and Light Laptop (16GB/512GB/Win11/Office 2021/Blue/1.7 kg), X1502ZA-EJ741WS",,,₹,50991.5,https://www.amazon.in/dp/B0CCVFR8Q3
ASUS,"(Refurbished) ASUS Vivobook Pro 14 OLED, 14-inch (35.56 cms) 2.8K OLED 16:10 90Hz, AMD Ryzen 5 5600H, Thin and Light Laptop (8GB/512GB SSD/Integrated Graphics/Windows 11/Office 2021/Silver/1.4 kg), M3400QA-KM502WS",4,,₹,43640,https://www.amazon.in/dp/B0C59G9HWZ
ASUS,"ASUS Vivobook 15 (2022), 12th Gen Intel Core i5-1235U, 15.6"" (39.62 cm) FHD, Thin and Light Laptop (8GB/512GB SSD/Integrated Graphics/Windows 11/Alexa/Office 2021/Blue/1.7 kg), X1502ZA-EJ514WS",3.8,,₹,56599,https://www.amazon.in/dp/B0BKQR3XJ5
ASUS,"ASUS Zenbook S 13 OLED (2023), 1kg Weight & 1cm Thin, Intel Core EVO i7-1355U 13th Gen, 13.3 Inch 2.8K OLED, Thin & Light Laptop (16GB/1TB SSD/Iris Xe/Win 11/Office 2021/63WHrs/Grey), UX5304VA-NQ742WS",5,,₹,129920,https://www.amazon.in/dp/B0C1GHNB1Q
ASUS,"ASUS Chromebook Light Laptop, 17.3"" FHD Widescreen Slim-Bezel, Intel Celeron N4500, Type-C, Wi-Fi 6, Intel UHD Graphics, 17 Hours Battery Life, Webcam (4GB DDR4 RAM | 32GB eMMC+32G SD Card)",4.1,,₹,54449,https://www.amazon.in/dp/B09SHK4RG6
ASUS,"ASUS Rog Flow Z13 (2022) with RTX 3080 Egpu,13.4"" (34.03 Cm) Uhd+ Touch,Core I9 12Th Gen,4Gb RTX 3050 Ti Graphics,2-in-1 Gaming Laptop (16Gb/1Tb Ssd/Win 11/Office/Black/1.18 Kg),Gz301Ze-Lc193Ws,Intel",5,,₹,269990,https://www.amazon.in/dp/B0B3DTYPMN
ASUS,"ASUS Zenbook 14X OLED Business Laptop 14.5"" 2.8K 120Hz Touchscreen (550nits, 100% DCI-P3, Glossy) 13th Gen Intel 14-core i7-13700H 16GB RAM 1TB SSD Backlit Fingerprint Thunderbolt Win11 + HDMI Cable",4.8,,₹,144620,https://www.amazon.in/dp/B0CB7MWLB1
ASUS,"ASUS VivoBook 13 Slate OLED 2-in-1 Laptop, 13.3"" FHD OLED Touch Display, Intel Pentium N6000 Quad-Core CPU, 4GB RAM, 128GB eMMC, Windows 11 Home in S Mode, Black, T3300KA-DH21T",4,,₹,78127,https://www.amazon.in/dp/B09V1SNYTL
ASUS,"ASUS Zenbook 14 (OLED) 2023, AMD Ryzen 5 7530U, 14"" (35.56 cm) 2.8K OLED 90Hz, Thin & Light Laptop (16GB/512GB SSD/Windows 11/Office 2021/Alexa/Backlit KB/FP Sensor/Black/1.39 kg), UM3402YA-KM541WS",,,₹,79800,https://www.amazon.in/dp/B0BTWCHKV8
ASUS,"(Refurbished) ASUS ROG Strix G15 (2022), AMD Ryzen 7 6800H, 15.6"" (39.62 cm) FHD 144Hz, 4GB NVIDIA GeFor",,,₹,80741,https://www.amazon.in/dp/B0C6FPJT2D
ASUS,"ASUS VivoBook Flip 14 Thin and Light 2-in-1 Laptop, 14? HD Touchscreen, Intel Celeron N4020 CPU, 4GB RAM, 128GB Storage, Windows 10 Home S, Microsoft 365, Light Grey, TPM, Fingerprint, J401MA-PS04T",4.2,,₹,57716,https://www.amazon.in/dp/B09C16GTN2
ASUS,"Asus Chromebook Celeron Dual Intel Core - (4 Gb/64 Gb Emmc Storage/Chrome Os) C523Na-A20303 Thin And Light Laptop (15.6 Inches, Silver, 1.69 Kg)",3.7,,₹,21850,https://www.amazon.in/dp/B09FPDTX9Q
ASUS,"ASUS Vivobook 16 Laptop 2023 Newest, 16 inch Display, AMD Ryzen 7 5800HS Processor Up to 4.4 GHz (Beat i7-1195G7), 12GB RAM, 512GB SSD, WiFi 6, Chiclet Keyboard, Thin & Light, Windows 11 Home",4.5,,₹,108161,https://www.amazon.in/dp/B0CJ2JXCBZ
ASUS,"ASUS 2022 Newest ROG Strix G15 Gaming Laptop,15.6” 144Hz IPS Type FHD, 10th Gen Intel Core i7-10750H, GeForce RTX 2070, 64GB DDR4 RAM, 1TB PCIe NVMe SSD, RGB KB, Black, Windows 10 Pro",5,,₹,244939,https://www.amazon.in/dp/B0B28HFSCD
ASUS,"ASUS Laptop L210 Ultra Thin Laptop, 11.6? HD Display, Intel Celeron N4020 Processor, 4GB RAM, 64GB Storage, NumberPad, Windows 10 Home in S Mode with One Year of Microsoft 365 Personal, L210MA-DB01",4.3,,₹,35448,https://www.amazon.in/dp/B081V6W99V
ASUS,"(Refurbished) ASUS Rog Flow Z13 (2022),13.4 "" (34.03 Cms) Fhd+ 16:10,120Hz Touch,Core I7 12Th Gen,RTXÂ 3050 4Gb Graphics,2-in-1 Gaming Laptop (16Gb/512Gb Ssd/Win 11/Office 2021/Black/1.18 Kg),Gz301Zc-Ld123Ws",,,₹,97999,https://www.amazon.in/dp/B0CFHFGVKT
ASUS,"ASUS ROG Zephyrus Duo 16 (2023) Dual Screen Laptop, 16"" (40.64 cm) QHD+ 240Hz/3ms, AMD Ryzen 9 7945HX, 16GB RTX 4090, Gaming Laptop (32GB/2TB SSD/Windows 11/With Office/Black/2.67 Kg), GX650PY-NM052WS",3,,₹,419990,https://www.amazon.in/dp/B0BY31M1T6
ASUS,"ASUS TUF Gaming A17 (2023) 90WHr Battery, AMD Ryzen 9 7940HS, 17.3"" FHD 144Hz, 6GB RTX 4050, Gaming Laptop (16GB/1TB SSD/Windows 11/Office 2021/1-Zone RGB/Gray/2.60 Kg), FA777XU-HX026WS",3.4,,₹,132773,https://www.amazon.in/dp/B0C4TVNXH2
ASUS,"ASUS ZenBook 13 Ultra-Slim Laptop, 13.3"" OLED FHD NanoEdge Bezel Display, Intel Core i5-1135G7, 8GB LPDDR4X RAM, 256GB SSD, NumberPad, Thunderbolt 4, Wi-Fi 6, Windows 10 Home, Pine Grey, UX325EA-DS51",4.3,,₹,101385,https://www.amazon.in/dp/B082L4S385
ASUS,"ASUS VivoBook K15 OLED (2021), 15.6"" (39.62 cms) FHD OLED, Intel Core i5-1135G7 11th Gen, Thin and Light Laptop (16GB/512GB SSD/Iris Xe Graphics/Office 2021/Windows 11/Silver/1.8 Kg), K513EA-L513WS",4.1,,₹,66790,https://www.amazon.in/dp/B09LJ59CPP
ASUS,"ASUS ROG Strix Scar 18 (2023) Gaming Laptop, 18” Nebula Display 16:10 QHD 240Hz/3ms, GeForce RTX 4090, Intel Core i9-13980HX, 32GB DDR5, 2TB PCIe SSD, Wi-Fi 6E, Windows 11 Pro, G834JY-XS97,Black",4.3,,₹,530043,https://www.amazon.in/dp/B0BS79PRQ2
ASUS,"(Refurbished) ASUS Vivobook S 15 OLED (2023), Intel Core EVO i9-13900H 13th Gen, 15.6"" (39.62 cm) 2.8K 120Hz OLED, Thin & Light Laptop (16GB/1TB SSD/Iris Xe/Win 11/Office 2021/75WHr/Silver/1.7 kg) S5504VA-MA953WS",1,,₹,89241.5,https://www.amazon.in/dp/B0CDS9362G
ASUS,"ASUS Vivobook S 14 Flip (2023), AMD Ryzen 5 7530U, 14"" (35.56 cm) WUXGA Touch, Thin & Light Laptop (16GB/512GB SSD/Windows 11/Office 2021/Alexa/Backlit KB/FP Sensor/Blue/1.50 kg), TN3402YAB-LZ541WS",,,₹,69209,https://www.amazon.in/dp/B0BTWGJTH9
ASUS,ASUS Rog Strix Scar 15 (2022) 15.6 Inches 2K Wqhd 240Hz/3Ms Intel Core I9-12900H 12Th Gen RTX 3070 Ti 8Gb Graphics Gaming Laptop (32Gb/2Tb Ssd/Windows 11 Home/Office 2021/Black/2.3 Kg) G533Zw-Ln106Ws,4,,₹,224990,https://www.amazon.in/dp/B09TPHM8WK
ASUS,"ASUS ROG Strix Scar 17 (2023), AMD Ryzen 9 7945HX, 17.3"" (43.94 cm) WQHD 240Hz/3ms, 12GB RTX 4080, Gaming Laptop (16GB/1TB SSD/Win 11/Office 2021/90WHr Battery/Black/3. Kg), G733PZ-LL046WS",4,,₹,269899,https://www.amazon.in/dp/B0BW39J8C3
ASUS,"ASUS Zenbook 14 OLED (2023), Intel Core EVO i7-1360P 13th Gen, 14"" (35.56 cm) 2.8K 90Hz OLED, Thin & Light Laptop (16GB/512GB SSD/Iris Xe/Win 11/Office 2021/75W Battery/Blue/1.39 kg), UX3402VA-KM741WS",2,,₹,112990,https://www.amazon.in/dp/B0C1GL4MYZ
ASUS,"ASUS TUF Gaming F15 15.6"" (39.62 cms) FHD 144Hz, Intel Core i5-10300H/GTX 1650 4GB Graphics, Gaming Laptop (8GB RAM/512GB NVMe SSD/Windows 11/Office H&S/Black/2.30 Kg) FX506LH-HN258WS",3.7,,₹,55990,https://www.amazon.in/dp/B09WZ4JTGS
ASUS,"ASUS Vivobook 16X (2022), 16-inch (40.64 cms) WUXGA, AMD Ryzen 5 5600H, Thin and Light Laptop, M1603QA-MB502WS WT200 Wireless Mouse, Blue",4.5,,₹,46889,https://www.amazon.in/dp/B0BDPWY2S8
ASUS,ASUS Vivobook Pro 15 Creator M6500QF-HN542WS AMD Ryzen™ 5 5600H / NVIDIA® RTX™ 2050 GPU/4GB GDDR6/16GB DDR4 /512GB PCIe® 3.0 SSD/15.6-inch FHD/Cool Silver/FP/Backlit KB/Win 11 Home/MS Office,,,₹,59990,https://www.amazon.in/dp/B0CF5VD8WY
ASUS,"ASUS Vivobook 15 OLED X1505ZA-L1311WSi3-1215U/Intel/8GB/512 PCIe SSD/Indie BLACK/15.6"" (40 cm) FHD OLED/1Y International Warranty + McAfee/Office H&S/Finger Print/Backlit KB",4.7,,₹,47190,https://www.amazon.in/dp/B0BJSQQM39
ASUS,"(Refurbished) ASUS Vivobook 15 OLED (2023), Intel Core i5-13500H 13th Gen, 15.6"" (39.6 cm) FHD OLED, Thin & Light Laptop (16GB/512GB SSD/Intel Iris Xᵉ/Win 11/Office 2021/Backlit KB/Silver/1.7 kg), X1505VA-LK542WS",,,₹,57791.5,https://www.amazon.in/dp/B0CCDTKNGF
ASUS,"(Refurbished) ASUS Creator Series Vivobook 14X OLED 2023, Intel Core i5-12450H 12th Gen, 14.0-inch 90Hz, Laptop (16GB/512GB SSD/NVIDIA GeForce RTX 2050/Win11//FP/63WHr/Black/1.40 kg),K3405ZFB-KM541WS",,,₹,57791.5,https://www.amazon.in/dp/B0CH6FRC8D
ASUS,"ASUS TUF Gaming A16 Advantage Edition (2023) 90WHr Battery, AMD Ryzen 9 7940HS, 16"" FHD+ 165Hz, 8GB Radeon RX 7600S, Gaming Laptop (16GB/1TB SSD/Win 11/Office 2021/Black/2.20 Kg), FA617XS-N3025WS",,,₹,141940,https://www.amazon.in/dp/B0C4TX5WBZ
ASUS,"(Refurbished) ASUS Creator Series Vivobook 14X OLED (2023), Intel Core i7-12650H 12th Gen, 14"" (35.56 cm) 2.8K 90Hz OLED, Laptop (16GB/1TB/4GB RTX 2050/Win11/Office 2021/FP/Black/1.4 kg), K3405ZFB-KM751WS",,,₹,67991.5,https://www.amazon.in/dp/B0CGNB6G64
ASUS,"(Refurbished) ASUS VivoBook K15 OLED Ryzen 7 Octa Core AMD R7-5700U - (16 GB/512 GB SSD/Windows 11 Home) KM513UA-L713WS Thin and Light Laptop (15.6 Inch, Transparent Silver, 1.80 Kg, with MS Office)",,,₹,50990,https://www.amazon.in/dp/B0CHNFNT31
ASUS,"(Refurbished) ASUS ROG Zephyrus G14 (2022), 14.0-inch (35.56 cm) FHD+ 16:10 144Hz/3ms, AMD Ryzen 9 6900HS, 8GB RX 6700S Graphics, Gaming Laptop (16GB/1TB SSD/Windows 11/Office 2021/Gray/1.65 Kg), GA402RJZ-L4136WS",,,₹,133442,https://www.amazon.in/dp/B0C6XZD7MK
ASUS,"ASUS TUF Gaming F15 (2023) 90WHr Battery, Intel Core i7-13700H 13th Gen, 15.6"" FHD 144Hz, 6GB RTX 4050, Gaming Laptop (16GB/1TB SSD/Windows 11/Office 2021/1-Zone RGB/Gray/2.20 Kg), FX507VU-LP091WS",4.2,,₹,133990,https://www.amazon.in/dp/B0C4TX1WPY
ASUS,"ASUS ROG Flow X13 (2023) 75WHr Battery, AMD Ryzen 9 7940HS, 13.4"" Touch, QHD+ 165Hz/3ms, 8GB RTX 4060, 2-in-1 Gaming Laptop (16GB/1TB SSD/Windows 11/Office 2021/Black/1.30 Kg), GV302XV-MU016WS",,,₹,188752,https://www.amazon.in/dp/B0C4TRMBZ3
ASUS,"ASUS ROG Strix G15 Gaming Laptop Advantage Edition, 15.6"" 165Hz QHD (2560 x 1440), 8 Cores AMD Ryzen 9 5980HX, Radeon RX 6800M, RGB Backlit Keyboard, WiFi 6, IR Sensor, 16GB RAM, 512GB PCIe SSD",4.1,,₹,198776,https://www.amazon.in/dp/B09XD791VS
ASUS,"ASUS ExpertBook B5 Thin & Light Flip Business Laptop, 13.3” FHD OLED, Intel Core i7-1165G7, 1TB SSD, 16GB RAM, all day battery, Enterprise-grade video conference, NumberPad, Win 10 Pro, B5302FEA-XH75T",4.6,,₹,133499,https://www.amazon.in/dp/B09LRPPRHZ
ASUS,ASUS VIVOBOOK G14 E1404FA-NK521WS,,,₹,40990,https://www.amazon.in/dp/B0BVMM9CW5
ASUS,"ASUS Vivobook Laptop, 17.3"" HD+ (1600x900) Display, Intel Core i5-1035G1 Processor, 20GB RAM, 1TB PCIe SSD, Webcam, HDMI, SD Card Reader, Wi-Fi, Windows 11 Home, Silver",4.1,,₹,104308,https://www.amazon.in/dp/B0B7QS5VB2
ASUS,"(Refurbished) ASUS Vivobook 15 OLED (2023), Intel Core i5-13500H 13th Gen, 15.6"" (39.62 cm) FHD OLED, Thin & Light Laptop (16GB/512GB SSD/Intel Iris Xᵉ/Win 11/Office 2021/Backlit KB/Black/1.7 kg), X1505VA-LK541WS",,,₹,57791.5,https://www.amazon.in/dp/B0C9TVG5V2
ASUS,"ASUS ROG Strix G15, AMD Ryzen 7 6800H, 15.6"" (39.62 cm) FHD 144Hz, 4GB RTX 3050 Graphics, Gaming Laptop (16GB/1TB SSD/Windows 11/Gray/2.1 kg), G513RC-HN083W",4.1,,₹,93494,https://www.amazon.in/dp/B0BHPT9LMM
ASUS,"ASUS - ROG Zephyrus G15 15.6"" QHD Laptop - AMD Ryzen 9 - 16GB Memory - NVIDIA GeForce RTX 3080 - 1TB SSD - Eclipse Gray with USB Hub",,,₹,227479,https://www.amazon.in/dp/B0992VS1BY
ASUS,"ASUS VivoBook S 15 OLED Slim Laptop, 15.6” FHD OLED Display, Intel Evo Platform, Intel Core i5-12500H CPU, 8GB RAM, 512GB SSD, Windows 11 Home, Indie Black, K3502ZA-DS51",3.9,,₹,122293,https://www.amazon.in/dp/B09ZKGPCSH
ASUS,"ASUS ROG Zephyrus G14 (2023) 76WHr Battery, AMD Ryzen 9 7940HS, 14"" QHD+ 165Hz/3ms, 6GB RTX 4050, Gaming Laptop (16GB/1TB SSD/Windows 11/Office 2021/Gray Anime Matrix/1.72 Kg), GA402XU-N2045WS",1,,₹,163999,https://www.amazon.in/dp/B0C4TYK643
ASUS,"(Refurbished) ASUS VivoBook S S14 (2020), 14.0-inch (35.56 cms) FHD, Intel Core i5-10210U 10th Gen, Thin and Light Laptop (8GB/512GB SSD/2GB MX250 Graphics/Office 2019/Windows 10/White/1.22 Kg), S433FL-EB167TS",,,₹,44361,https://www.amazon.in/dp/B09BP4JPJF
ASUS,"ASUS Vivobook Pro 15 Laptop, 15.6” FHD Display, AMD Ryzen 9 7940HS Mobile CPU, NVIDIA® GeForce® RTX™ 4060 Laptop GPU, 32GB RAM, 1TB SSD, Windows 11 Home, Quiet Blue, M6500XV-EB96",4.7,,₹,196981,https://www.amazon.in/dp/B0C7RNP65K
ASUS,"ASUS Intel ROG Gaming G512LI-HN177T i5-10300H/GTX1650Ti-4GB/8G/512G SSD/15.6 FHD-144hz/RGB backlit/WIFI6/WIN10//ELECTRO Punk/Accy in Box: Mouse (ROG P512), Mouse Pad ROG, Windows 10 Home",4.6,,₹,89800,https://www.amazon.in/dp/B08JV8R1ZC
ASUS,"ASUS Vivobook 15, Intel Core i3-1220P 12th Gen, 15.6"" (39.62 cm) FHD, Thin and Laptop (8GB/512GB SSD/Integrated Graphics/Windows 11/Office 2021/Fingerprint/Blue/1.7 kg), X1502ZA-EJ385WS",,,₹,41409,https://www.amazon.in/dp/B0CJF1WJMS
ASUS,ASUS 2022 ZenBook 2 in 1 15.6” FHD Touch Screen Laptop | AMD Ryzen 7 5700U (Beat i7-1165G7) | 8GB RAM | 256GB SSD | Backlit Keyboard | Windows 11 | Grey | with USB3.0 HUB Bundle,4.5,,₹,71494,https://www.amazon.in/dp/B08QMW12T4
ASUS,ASUS VivoBook 15 X1500EA-EJ701WS Intel® Core™ i7-1165G7 / / 8GB DDR4 + 8GB DDR4 / 512GB PCIe® 3.0 SSD / 15.6-inch / FHD (1920 x 1080) 16:9 / Indie Black / Fingerprint / Win 11 Home / MS Office,3.7,,₹,85000,https://www.amazon.in/dp/B0BN8JGMBR
ASUS,"(Refurbished) ASUS ROG Zephyrus G15(2022), 15.6"" (39.62 cms) 2K WQHD 165Hz/3ms, AMD Ryzen 7 6800HS, 6GB RTX 3060, Gaming Laptop (16GB/1TB SSD/90WHrs Battery/Windows 11/Office 2021/White/1.9 Kg), GA503RM-HQ142WS",,,₹,99999,https://www.amazon.in/dp/B0CDGDLVWV
ASUS,"ASUS - TUF Gaming 15.6"" Full HD Laptop - Intel Core i5-10300H- 8GB Memory - 256GB SSD -NVIDIA GeForce GTX 1650 Ti - Black",4.5,,₹,117260,https://www.amazon.in/dp/B07WNGFTN2
ASUS,"ASUS Vivobook 15 (2023), Intel Core i5-1335U 13th Gen, 15.6"" (39.62 cms) FHD, Thin and Light Laptop (8GB/512GB SSD/Intel Iris Xᵉ/Win 11/Office 2021/Backlit KB/Silver/1.7 kg), X1504VA-NJ522WS",,,₹,55490,https://www.amazon.in/dp/B0C1GJ1S4D
ASUS,"ASUS ROG Strix G Gaming Laptop, 15.6â€  120Hz IPS Type Full HD, NVIDIA GeForce GTX 1660 Ti, Intel Core i5-9300H, 8GB DDR4, 512GB PCIe NVMe SSD, RGB KB, Windows 10, GL531GU-WB53",4.2,,₹,156202,https://www.amazon.in/dp/B07VWDKV4C
ASUS,"ASUS Vivobook S15 OLED 2022, 15.6"" 39.62 cm FHD OLED, Intel Core EVO i7-12700H 12th Gen, Thin and Light Laptop (16GB/512GB SSD/Iris Xe Graphics/Windows 11/Office 2021/Black/1.8 kg), S3502ZA-L702WS",3.4,,₹,81842,https://www.amazon.in/dp/B0B5B8HNLF
ASUS,"ASUS Vivobook 15X (2023), Intel Core i5-1335U 13th Gen, 15.6"" (39.62 cms) FHD, Thin and Light Laptop (16GB/512GB SSD/Iris Xᵉ Graphics/Win 11/Office 2021/Backlit KB/Silver/1.6 kg), K3504VAB-NJ542WS",,,₹,62199,https://www.amazon.in/dp/B0BSF3ZSXD
ASUS,"ASUS Rog Zephyrus G14 (2021) 14 Inches Qhd 120Hz, AMD Ryzen 9 5900Hs, RTX 3060 6Gb, Gaming Laptop (16Gb/1Tb Ssd/Office 2019/Windows 10/1.7 Kg), Ga401Qm-K2330Ts, Moonlight White Anime Matrix Version",4.2,,₹,116990,https://www.amazon.in/dp/B09CCRBRW6
ASUS,"ASUS 15 K513EP-EJ701TS Intel i7-1165G7 15.6 inches FHD/MX330/8GB/1T+256G PCIe SSD /Hearty Gold/MacFee/Office H&S/Backlit KB/Finger Print VivoBook, 2 kg",,,₹,81199,https://www.amazon.in/dp/B08QVHM6XT
ASUS,"ASUS ZenBook 13 Ultra-Slim Laptop, 13.3â€  OLED FHD NanoEdge Bezel Display, Intel Core i7-1165G7, 16GB LPDDR4X RAM, 512GB SSD, NumberPad, Thunderbolt 4, Wi-Fi 6, Windows 10 Pro, Pine Grey, UX325EA-XS74",4.3,,₹,197850,https://www.amazon.in/dp/B08XBF1269
ASUS,"ASUS TUF Gaming A15 (2023) 90WHr Battery, AMD Ryzen 9 7940HS, 15.6"" FHD 144Hz, 6GB RTX 4050, Gaming Laptop (16GB/1TB SSD/Windows 11/Office 2021/1-Zone RGB/Gray/2.20 Kg), FA577XU-LP041WS",,,₹,132990,https://www.amazon.in/dp/B0C4TSXZYR
ASUS,"(Refurbished) ASUS Zenbook S 13 OLED (2023), 1Kg Weight & 1cm Thin, Intel Core i5 13th Gen, 13.3 Inch 2.8K OLED, Thin & Light Laptop (16GB/512GB SSD/Iris Xe/Win 11/Office 2021/Backlit/63WHrs/Grey), UX5304VA-NQ542WS",,,₹,89233,https://www.amazon.in/dp/B0C5HM4YMX
ASUS,"ASUS Tuf Gaming F15,15.6-Inch(39.62 Cms) Fhd 144Hz,Intel Core I5-10300H 10Th Gen,4Gb Nvidia Geforce GTX 1650,Gaming Laptop,Fx506Lhb-Hn355Ws + Vp4700 Tuf 17"" (43.18Cm) Backpack (Black),Windows 11 Home",3.9,,₹,54289,https://www.amazon.in/dp/B0BDQ3XN99
ASUS,"2021 ASUS TUF Dash Ultra Slim RTX 3070 Gaming Laptop, Intel i7-11370H, 240Hz 15.6"" Display with Adaptive Sync, 16GB RAM, 1TB PCIe, GeForce 8GB DDR6, Backlit Keyboard, Wi-Fi 6, Windows 10",,,₹,310538,https://www.amazon.in/dp/B09M49TZ65
ASUS,"ASUS VivoBook K15 OLED Ryzen 5 Hexa Core AMD R5-5500U - (16 GB/512 GB SSD/Windows 11 Home) KM513UA-L513WS Thin and Light Laptop (15.6 Inch, Transparent Silver, 1.80 Kg, with MS Office)",1,,₹,57990,https://www.amazon.in/dp/B0BLK7DZRR
ASUS,"(Refurbished) ASUS Vivobook Pro 15 OLED, AMD Ryzen 7 5800H, 15.6"" (39.62 cm) OLED, Thin & Light Laptop (",,,₹,67991.5,https://www.amazon.in/dp/B0C6PYTRJP
ASUS,"(Refurbished) ASUS ROG Strix G15 Advantage Edition, 15.6-inch (39.62 cm) WQHD 165Hz/3ms, AMD Ryzen 9 598",,,₹,110095,https://www.amazon.in/dp/B0C4LRTN8G
ASUS,(Refurbished) ASUS ROG Flow X13 AMD Ryzen 7 Octa Core 5800HS 13.4 inches 2 in 1 Gaming Laptop (16 GB/1 T,,,₹,79990,https://www.amazon.in/dp/B0BC9JNB1F
