"brand","title","stars","price","price/currency","price/value","url"
"Dell","Dell Inspiron 5430 Laptop, Intel Core i7-1360P Processor/ 16GB/ 1TB SSD/14.0"" (35.56cm) FHD+ WVA AG with Comfortview 250 nits/Backlit KB + FPR/Win 11 + MSO'21/15 Month McAfee/Platinum Silver/ 1.59kg","3.2",,"₹","84990","https://www.amazon.in/dp/B0C91QWF1X"
"Dell","Dell G15 5520 Gaming Laptop, Intel i5-12500H/16GB DDR5/1TB SSD/15.6"" (39.62cm) FHD WVA AG 120Hz 250 nits/NVIDIA RTX 3050, 4 GB GDDR6/Win 11 + MSO'21/15 Months McAfee/Backlit KB/Dark Shadow Grey/2.81kg","4",,"₹","75990","https://www.amazon.in/dp/B0C918JGBM"
"Dell","Dell 14 AMD Laptop, AMD Ryzen 5 Series R5-5500U/ 8GB/ 512GB/ 14.0"" (35.56cm) FHD Display with Comfort View/Windows 11 + MSO'21/15 Month McAfee/Spill-Resistant Keyboard/Carbon Black/ 1.48kg","3.1",,"₹","37990","https://www.amazon.in/dp/B0C1434CCN"
"Dell","Dell Inspiron 3525 Laptop, AMD Ryzen R3-5300U/8GB/512GB SSD/15.6"" (39.62CMs) FHD WVA AG Narrow Border 120Hz 250 nits/Windows 11+MSO'21/15 Month McAfee/Carbon Black/1.68KGs","2.5",,"₹","30990","https://www.amazon.in/dp/B0C91TDJ68"
"Dell","Dell 14 Laptop, 12th Gen Intel Core i5-1235U Processor, 16GB, 512GB, 14.0"" (35.56cm) FHD Display with Comfort View, Windows 11 + MSO'21, Spill-Resistant Keyboard, 15 Month Mcafee, Black, 1.48kg","3.6",,"₹","55990","https://www.amazon.in/dp/B0CJK118D2"
"Dell","(Refurbished) DELL Latitude 5490 Core i5 7th Gen Laptop, 16 GB RAM, 512GB SSD, Intel HD Graphics, 14 inch (36.83 cms) HD Screen, Windows 11 (Upgraded), MS Office, Black, Slim","3.5",,"₹","25469","https://www.amazon.in/dp/B0BLVV4J9X"
"Dell","Dell 15 Laptop, Intel Core i3-1115G4 Processor/8GB DDR4/512GB SSD/15.6"" (39.62cm) FHD Anti-Glare 120Hz Refresh Rate 250 nits Narrow Border Display/Win 11+MSO'21/15 Month McAfee/Carbon Black/1.66 kg","3.9",,"₹","34990","https://www.amazon.in/dp/B0CCSPWCQY"
"Dell","Dell [SmartChoice 14 Laptop, 12th Gen Intel Core i5-1235U Processor/ 8GB/ 512GB SSD/ 14.0"" (35.56cm) FHD with Comfortview/Windows 11 + MSO'21/ Black/Spill-Resistant Keyboard/ 15 Month McAfee/ 1.48kg","3.5",,"₹","49990","https://www.amazon.in/dp/B0BQJ7NMVM"
"Dell","(Refurbished) Dell Latitude 4th Gen Intel Core i3 Thin & Light HD Laptop (8 GB RAM/500 GB HDD/14"" (35.6 cm) HD/Windows 10/MS Office/WiFi/Bluetooth 4.0/Webcam/Intel Graphics)","2.5",,"₹","15999","https://www.amazon.in/dp/B0BPCNC2MS"
"Dell","Dell Vostro 3510 Laptop, Intel i3-1115G4, 8GB/512GB SSD/15.6"" (39.62cm) FHD, TÜV Rheinland Certified Comfortview Reduce Harmful Blue Light Emissions/Win 11 + MSO'21/15 Months McAfee/Dark Silver/1.69kg","4",,"₹","35990","https://www.amazon.in/dp/B09T5YYDH7"
"Dell","Dell Inspiron 3530 Laptop, Intel i3-1305U/8GB/1TB SSD/15.6"" (39.62cm) FHD AG 120Hz + Comfortview Help Reduce Harmful Blue Light Emissions/Platinum Silver/Win 11+MSO'21/15 Month McAfee/1.66kg","3.9",,"₹","44990","https://www.amazon.in/dp/B0CDBQ85SY"
"Dell","(Refurbished) Dell Latitude 4th Gen Intel Core i3 Thin & Light HD Laptop (8 GB RAM/512 GB SSD/14"" (35.6 cm) HD/Windows 10/MS Office/WiFi/Bluetooth 4.0/Webcam/Intel Graphics)","3.3",,"₹","16898","https://www.amazon.in/dp/B0BPCNQ1CL"
"Dell","Dell (Refurbished) Latitude E5470 14 Inches Laptop (Intel Core I5 6Th Gen/8Gb/256 Gb Sdd/Windows 10/Ms O","3.4",,"₹","21500","https://www.amazon.in/dp/B0891TPQ5V"
"Dell","Dell Inspiron 3520 Laptop,12th Gen Intel Core i3-1215 Processor, 8GB, 512GB SSD, 15.6"" (39.62Cms) FHD WVA AG 120Hz 250 nits, Win 11 + MSO'21, Silver, 15 Month McAfee Antivirus, 1.65kg","3.2",,"₹","39390","https://www.amazon.in/dp/B0BH4T1D8X"
"Dell","Dell 14 Laptop, Intel Core i5-1135G7 Processor/ 8GB DDR4/ 512GB SSD/14.0"" (35.56cm) FHD Display with Comfort View/Windows 11 + MSO'21/ Spill-Resistant Keyboard/ 15 Month McAfee/ 1.48kg","3.4",,"₹","43990","https://www.amazon.in/dp/B0C15BKF4G"
"Dell","Dell 14 Laptop, Intel Core i5-1135G7 Processor/ 8GB/ 512GB/ 14.0"" (35.56cm) FHD with Comfort View/Spill-Resistant Keyboard/Windows 11+ MSO'21/15 Month McAfee/Dark Silver/ 1.48kg",,,"₹","47999","https://www.amazon.in/dp/B0C14493JP"
"Dell","(Refurbished) DELL Latitude 5490 Core i5 7th Gen Laptop, 16 GB RAM, 256GB SSD, Intel HD Graphics, 14 inch (36.83 cms) HD Screen, Windows 11 (Upgraded), MS Office, Black, Slim","3.4",,"₹","25196","https://www.amazon.in/dp/B0BLVWGT1C"
"Dell","Dell Inspiron 3530 13th Gen Laptop, Intel Core i3-1305U/8GB/512GB SSD/15.6"" (39.62cm) FHD WVA AG 120Hz 250 nits Narrow Border/Windows 11+MSO'21/McAfee 15 Month/Platinum Silver/1.62kg","5",,"₹","49000","https://www.amazon.in/dp/B0C4ZWLS7B"
"Dell","(Refurbished) Dell Latitude Laptop 7470 Intel Core i5 - 6300u Processor 6th Gen, 32 GB Ram & 256 GB SSD, 14.1 Inches (Ultra Slim & Feather Light 1.59KG) Notebook Computer","3.2",,"₹","23243","https://www.amazon.in/dp/B0CDQ5T4ZJ"
"Dell","Dell Inspiron 3520 Laptop,12th Gen Intel i5-1235U, 8GB, 512GB SSD, 15.6"" (39.62Cms) FHD WVA AG 120Hz 250 nits, Win 11 + MSO'21, Black, (D560865WIN9B, 1.65Kgs)","3.6",,"₹","49990","https://www.amazon.in/dp/B0BH4SQPQL"
"Dell","(Refurbished) Dell Latitude Laptop 7470 Intel Core i5 - 6300u Processor 6th Gen, 16 GB Ram & 128 GB SSD, 14.1 Inches (Ultra Slim & Feather Light 1.59KG) Notebook Computer","5",,"₹","21690","https://www.amazon.in/dp/B0CDQ67P36"
"Dell","Dell 2023 Inspiron 14 5425 Business Laptop-FHD+14"" Display, AMD Ryzen 7 5825U Processor(Beats i7-1185G7), 16GB RAM, 1TB SSD, Backlit Keyboard, HDMI, USB-C,BT, WiFi, WMMP, Win11 Pro, Platinum Silver",,,"₹","130430","https://www.amazon.in/dp/B0CDNRVPCR"
"Dell","Dell (Renewed) Latitude Laptop E7480 Intel Core I5-6200U Processor 6Th Gen,8 Gb Ram&256 Gb Ssd,14.1 Inches (Ultra Slim&Feather Light 1.37Kg) Notebook Computer,Windows 10 Pro","3.7",,"₹","20495","https://www.amazon.in/dp/B09KH8Q7QR"
"Dell","(Refurbished) DELL Latitude 5490 Core i5 7th Gen Laptop, 8 GB RAM, 256GB SSD, Intel HD Graphics, 14 inch (36.83 cms) HD Screen, Windows 11 (Upgraded), MS Office, Black, Slim","3.3",,"₹","22998","https://www.amazon.in/dp/B0BLVWXM4Q"
"Dell","Dell New Vostro 3400 Laptop Intel I5-1135G7, 16Gb Ddr4, 512Gb Ssd, Windows 11+Mso'21, 14 Inches (35.56 Cms) Fhd Ag, Dune,1.59Kgs (D552214Win9D)","3.5",,"₹","55000","https://www.amazon.in/dp/B09PVCWKQD"
"Dell","Dell Inspiron 5330 Laptop, Intel Evo Platform Powered by Intel Core i7-1360P Processor/16GB LP DDR5/1TB SSD/13.3"" (33.78cm) QHD+ 300 nits/Win 11 + MSO'21/15 Month McAfee/Platinum Silver/1.24kg","5",,"₹","98890","https://www.amazon.in/dp/B0CCSP5WTL"
"Dell","DELL 2023 Inspiron 14 Business Laptop, 14-inch 16:10 FHD+ (1920 x 1200), AMD Ryzen 7 5825U,16GB DDR4,1TB SSD,Backlit Keyboard, HDMI,USB-C, BT,WiFi,Windows 11 Pro,Pebble Green",,,"₹","122130","https://www.amazon.in/dp/B0CGHGCX8G"
"Dell","(Refurbished) Dell 15 Laptop, Intel Core i3-1115G4, 8GB/1TB + 256GB SSD/15.6""(39.62cm) FHD, TÃœV Rheinland Certified Comfortview Reduce Harmful Blue Light Emissions/Windows 11 + MSO'21/15 Month McAfee/Carbon/1.69kg",,,"₹","32291.5","https://www.amazon.in/dp/B0CD5XHW1J"
"Dell","Dell Inspiron 3535 Laptop, AMD 7 Series Ryzen5 R5-7520U Processor/ 8GB LP DDR5/ 1TB SSD/ 15.6"" (39.62cm) FHD AG 120Hz 250 nits Display/Platinum Silver/Win 11 + MSO'21/15 Month McAfee/ 1.63kg","4",,"₹","48990","https://www.amazon.in/dp/B0CDBN691B"
"Dell","Dell Latitude 3540 15.6"" Notebook - HD - 1366 x 768 - Intel Core i5 13th Gen i5-1335U Deca-core (10 Core) - 8 GB Total RAM - 256 GB SSD","5",,"₹","74990","https://www.amazon.in/dp/B0C8J2FG46"
"Dell","(Refurbished) Dell Latitude Ultra Thin Laptop 3300 Intel Core i3 Mobile-7th Gen Processor , 8 GB Ram & 256 GB SSD, 13.3 Inches 1.58Kg Notebook Computer","1",,"₹","19990","https://www.amazon.in/dp/B0CGRQQ53D"
"Dell","(Refurbished) DELL LATITUDE 5400 (INTEL CORE I5 8TH GEN i5-8365U /8GB RAM/256GB SSD/WEBCAM/14"" FHD DISPLAY/BACKLIT KEYBOARD , WINDOWS 10 PRO)","4",,"₹","26999","https://www.amazon.in/dp/B0BWS4GT73"
"Dell","Dell 15 2022 Intel i5-1135G7, 8GB / 1TB + 256GB SSD, Windows 11+MSO 21, 15.6 inches(39.6cm) FHD Display Laptop Computer, Platinum Silver (D560666WIN9S, Inspiron 3511)","3.6",,"₹","57399","https://www.amazon.in/dp/B09PVCKJCT"
"Dell","Dell Vostro 3400 11th Gen Intel i5-1135G7 14 inches FHD Anti Glare Display Laptop (8GB / 512 SSD/Integrated Graphics/Windows 10 + Office H&S/Dune Color /1.64Kg/Backlit Keyboard) D552157WIN9DE","4.1",,"₹","51000","https://www.amazon.in/dp/B08MPWFK22"
"Dell","Dell 14 Laptop, Intel Core 11th Gen i3-1115G4/ 8GB/ 512GB /14.0""(35.56cm) FHD Display with Comfort View/Windows 11 + MSO'21/15 Month McAfee/Spill-Resistant Keyboard/Carbon Black Color/1.48kg","3.9",,"₹","35490","https://www.amazon.in/dp/B0B46CJ21J"
"Dell","Dell Inspiron 7430 2in1 Touch Laptop, Intel Core i3-1315U/8GB/1TB SSD/14.0"" (35.56cm) FHD+ Comfortview Support,16:10 Aspect Ratio/Backlit KB+FPR/Win 11+MSO'21/15 Months McAfee/Platinum Silver/1.58kg","4",,"₹","60490","https://www.amazon.in/dp/B0C913ZNX6"
"Dell","Dell Inspiron 3530 Laptop, Intel Core i5-1335U Laptop/ 8GB/ 1TB SSD/ 15.6"" (39.62cm) FHD AG 120Hz 250 nits Display/Backlit Keyboard/Platinum Silver/Win 11 + MSO'21/15 Month McAfee/ 1.66kg","5",,"₹","65990","https://www.amazon.in/dp/B0CDBTQLNJ"
"Dell","Dell Inspiron 5430 13th Gen Laptop, Intel i5-1335U/16GB/ 512GB SSD/14.0"" (35.56Cms) FHD+ Comfort View/Backlit KB + FPR/Windows 11 + MSO'2/McAfee 15 Months/Platinum Silver/Thunderbolt 4.0 Port/1.59KGs","3.5",,"₹","71570","https://www.amazon.in/dp/B0C1595WPW"
"Dell","Dell 13th Gen Laptop, Intel Core i3-1305U Processor/ 8GB/ 512GB SSD/ 14.0"" (35.56cm) FHD with Comfort view/Windows 11 + MSO'21/15 Month McAfee/Spill-resistant Keyboard/Carbon Black/ 1.46kg","3.6",,"₹","41990","https://www.amazon.in/dp/B0CCSSGRDQ"
"Dell","Dell Inspiron 5430 Laptop, Intel Core i5-1335U Processor/16GB/1TB SSD/14.0"" (35.56CMs) FHD+ WVA with Comfortview Support 250 nits/Backlit KB + FPR/Win 11+MSO'21/15 Month McAfee/Platinum Silver/1.59KG","3.8",,"₹","73990","https://www.amazon.in/dp/B0CBC9HLLC"
"Dell","Dell 15 Laptop, Intel Core i5-1135G7 Processor/ 16GB / 512GB SSD / 15.6"" (39.562cm) FHD with Comfort View/Windows 11 + MSO'21/15 Month McAfee/Spill-Resistant Keyboard/Carbon Color/ 1.69kg","3.4",,"₹","48990","https://www.amazon.in/dp/B0C15CDKTN"
"Dell","Dell XPS 9320 Laptop, Intel Evo Platform Powered by Intel Core i7-1360P processor/32GB/1TB SSD/13.4"" (34.03cm) UHD+ AR 500 nits Touch/Backlit KB + FPR/Win 11 + MSO'21/15 Month McAfee/Platinum/1.23kg","5",,"₹","201990","https://www.amazon.in/dp/B0C6L3YF54"
"Dell","Dell Inspiron 3520 Laptop,12th Gen Intel Core i3-1215, Windows 11 + MSO'21, McAfee 15 Months, 8GB, 512GB SSD, 15.6"" (39.62Cms) 3 Sided Narrow Border Design with 120Hz FHD Display, Black, 1.65Kgs","3.3",,"₹","37440","https://www.amazon.in/dp/B0BH4RQ4WV"
"Dell","Dell Inspiron 7430 2in1 Touch Laptop, Intel Core i5-1335U Processor/8GB LP DDR5/1TB SSD/14.0"" (35.56cm) FHD+ WVA with Comfortview Support Active Pen/Win11+MSO'21/15 Month McAfee/Platinum Silver/1.58kg","3.9",,"₹","76990","https://www.amazon.in/dp/B0CCSQYP9K"
"Dell","Dell New G15 5521 SE Gaming Laptop, Intel Core i7-12700H Processor/16GB/1TB SSD/NVIDIA RTX 3060 (6GB GDDR6)/15.6"" (39.62cm) QHD WVA 240 Hz 400 nits/Backlit KB RGB/Obsidian Black/2.81kg (D560738WIN9B)","3.8",,"₹","127999","https://www.amazon.in/dp/B09XXNJZH6"
"Dell","Dell Xps 9315 2In1 Laptop,I7-1250U,16Gb Lp Ddr4,1Tb Ssd,Integrated,13.0"" (33.02Cms) 3K Ar+As Gorilla Glass 500 Nits Touch,Xps Stylus,Win 11+ Mso'21,Sky (D560077Win9S,1.12Kgs),Intel","1",,"₹","160250","https://www.amazon.in/dp/B0BHYR8MKD"
"Dell","Dell New Alienware X15 R2 Gaming Laptop, Intel Core I7-12700H Processor/ 16Gb LP DDR5/ 1Tb SSD/Nvidia RTX 3060 (6Gb GDDR6)/ 15.6"" (39.62cm) FHD360Hz 300Nits/ Win 11 + MSO'21/ Alien fx KB/ 2.34kg","5",,"₹","246490","https://www.amazon.in/dp/B09TNZHD43"
"Dell","DELL Inspiron 7425 2in1 Laptop - AMD Ryzen7-5825U, Windows 11+MSO'21, 16 GB GDDR4, 512GB SSD, 14""/35.56Cms FHD+ Touch 250 nits, Active Pen, Backlit KB + FPR (D560733WIN9P, 1.7Kgs)","4.2",,"₹","84990","https://www.amazon.in/dp/B09VH1YWT5"
"Dell","Dell Inspiron 3511 Laptop, Intel Core I5-1135G7 Processor/ 8GB/ 512GB SSD/ 15.6"" (39.62cm) FHD Display/Backlit KB/Windows 11 + MSO'21/15 Month McAfee/Platinum Silver/ 1.8kg","3.1",,"₹","48990","https://www.amazon.in/dp/B09TNXR2MF"
"Dell","Dell 15 New Inspiron 3511 Laptop (2021) 15.6 Inches Fhd 11 Th Gen Intel Core I5-1135G7 Windows 10 + Ms Office 8Gb -512Gb Ssd - 2Gb Gddr5 Nvidia Mx350 Backlit Keyboard (D560578Win9Sl)- Platinum Silver","2.1",,"₹","56990","https://www.amazon.in/dp/B09JZRB23N"
"Dell","Dell G15-5521 Gaming Laptop,Intel Core i9-12900H Processor/ 16GB DDR5/ 1TB SSD/NVIDIA RTX 3070 Ti (8GB GDDR6)/ 15.6"" (39.62cm) QHD WVA AG 240 Hz 400 nits/Windows 11+ MSO'21/ Obsidian Black/ 2.81kg","3.6",,"₹","164499","https://www.amazon.in/dp/B0BHYQF226"
"Dell","Dell Inspiron 7425 2in1 Touch Laptop, AMD Ryzen 5-5625U, Win11 + MSO'21, 8GB GDDR4, 512GB SSD, 14"" (35.56cm) FHD Touch 250 nits, Active Pen, Backlit KB + FPR, 15 Month McAfee, 1.7Kgs","4.5",,"₹","71990","https://www.amazon.in/dp/B09VH4B61D"
"Dell","Dell Inspiron 3511 Laptop, Intel i3-1115G4, 8GB, 256GB SSD, 15.6"" 39.62Cms FHD WVA AG, Windows 11 + Office 21, Carbon Black, 1.8Kgs (D560815WIN9B)","3.2",,"₹","36990","https://www.amazon.in/dp/B0B5H5CRWP"
"Dell","Dell G15-5525 Gaming Laptop, AMD R9-6900HX, 16GB DDR5, 1TB SSD, NVIDIA RTX 3060 (6GB GDDR6), 15.6"" (39.62Cms) FHD WVA AG, 165 Hz 300 nits, Win 11+ MSO'21, Phantom Grey (D560896WIN9S, 2.51Kgs)","1",,"₹","104990","https://www.amazon.in/dp/B0BHYR23GR"
"Dell","Dell Inspiron 3520 Laptop, Intel Core i5-1235U Processor/ 8GB/ 512GB/ 15.6"" (39.62cm) FHD WVA AG 120Hz 250 nits Display/Win 11 + MSO'21/15 Month McAfee/Backlit KB + FPR/Platinum Silver/ 1.63kg","3",,"₹","56990","https://www.amazon.in/dp/B0C9F2KTZ7"
"Dell","Dell Alienware m15 R7 Gaming Laptop, Intel Core i7-12700H Processor/16GB/512GB/NVIDIA RTX 3060 (6GB GDDR6)/15.6"" (39.62cm) FHD 165 Hz/Win 11 + MSO'21/15 Months McAfee/Dark Side of The Moon/2.69kg",,,"₹","149990","https://www.amazon.in/dp/B0C6L5YHP2"
"Dell","(Refurbished) Dell Latitude E5470 Intel Core i5 6th Gen.6200u Processor 14.1 Inches HD Screen Notebook Computer (8 GB Ram & 256 GB SSD, Windows 10 Pro, 1.71Kg)","3.4",,"₹","18489","https://www.amazon.in/dp/B094CBQ32N"
"Dell","Dell Inspiron 5330 Laptop, Intel Evo Platform Powered by Intel Core i5-1340P Processor/16GB LP DDR5/1TB SSD/13.3"" (33.78cm) QHD+ 300 nits/Win 11 + MSO'21/15 Month McAfee/Platinum Silver/1.24kg","3.5",,"₹","86990","https://www.amazon.in/dp/B0CCSR3Z1P"
"Dell","Dell Alienware x14 R2 Gaming Laptop, Intel Core i7-13620H/32GB/1TB SSD/NVIDIA RTX 4060 8GB GDDR6/14'' (35.56Cms) QHD+ 165Hz, 3ms, 300nits/Win 11+MSO'21+McAfee 15 Month/Lunar Silver/2.08Kgs","5",,"₹","226799","https://www.amazon.in/dp/B0C4ZP6QX5"
"Dell","Dell G15-5530 Gaming Laptop, Intel Core i7-13650HX Processor/16GB/512GB SSD/NVIDIA RTX 4060, 8GB GDDR6/15.6"" (39.62cm) FHD 165Hz, 3ms sRGB-100%/Win 11 + MSO'21+ McAfee 15 Month/Quantum White/ 2.65kg",,,"₹","143999","https://www.amazon.in/dp/B0C4Z9PG5K"
"Dell","Dell Inspiron 5330, Intel Evo Platform Powered by Intel Core i7-1360P Processor/ 16GB LP DDR5/ 512GB SSD/13.3"" (33.78cm) QHD+ 16:10 Aspect Ratio/Backlit KB/ 15 Month McAfee/Platinum Silver/ 1.24kg","3.6",,"₹","94990","https://www.amazon.in/dp/B0CBKVYKLS"
"Dell","Dell Inspiron 3525 Laptop,R5-5625U,8Gb Ddr4,512Gb Ssd,Radeon Graphics,15.6"" (39.62Cms) Fhd Wva Ag,120Hz 250 Nits,Win 11+ Mso'21,Carbon Black (D560863Win9B,1.68Kgs),AMD","5",,"₹","43490","https://www.amazon.in/dp/B0BHYQZPLD"
"Dell","Dell 14 Laptop, Intel Core 12th Generation i3-1215U/ 8GB/ 512GB SSD/ 14.0""(35.56cm) FHD with Comfort View/Windows 11 + MSO'21/15 Month McAfee/Dark Silver/Spill-Resistant Keyboard/ 1.48kg","3.9",,"₹","38990","https://www.amazon.in/dp/B0BQJ9HZPP"
"Dell","Dell 14 Laptop, Intel 12th Gen Core i3-1215U Processor/ 8GB DDR4 & 512GB SSD/ 14.0"" (35.56cm) FHD Display with Comfort View/Spill-Resistant Keyboard/ Windows11+MSO'21/15 Month McAfee/Black/ 1.48kg","3.9",,"₹","38990","https://www.amazon.in/dp/B0BQJ68HHC"
"Dell","(Refurbished) Dell Latitude Laptop E5480 Intel Core i5 7th Gen. - 7300u Processor, 8 GB Ram & 512 GB SSD, 14.1 inches Full HD Screen Notebook Computer Windows 10 Pro","3.6",,"₹","25499","https://www.amazon.in/dp/B091M4P11C"
"Dell","Dell 15 Laptop, Intel Core i5-1135G7 Processor/ 8GB/ 1TB+256GB SSD/15.6""(39.62cm) FHD with Comfort View, Mobile Connect/Windows 11 + MSO'21/15 Month McAfee/Spill-Resistant Keyboard/Black Color/ 1.69kg","3.4",,"₹","45990","https://www.amazon.in/dp/B0C2HVX9W9"
"Dell","Dell New 2022 Inspiron 3511 NB || Intel Core i3-11th Gen || 8 GB Ram || 1TB HDD+256GB SSD || Windows 11 Home+Office 2021 || FHD Display || Black Color|| 1 Yr Warranty","3.5",,"₹","40400","https://www.amazon.in/dp/B09J1PMVQZ"
"Dell","Dell G16-7630 Gaming Laptop, Intel Core i9-13900HX Processor/16GB/1TB SSD/NVIDIA RTX 4060 8GB GDDR6/16 (40.64cm) QHD+ 240Hz, 3ms, DCI-P3 100%/Win 11+MSO'21+McAfee 15 Month/Metallic Nightshade/2.87kg","1",,"₹","187490","https://www.amazon.in/dp/B0C4ZH76WC"
"Dell","(Renewed) Dell Latitude E5440 14 Inch (35.56 cms) Laptop ( Intel Core i5 4th Gen, 8GB, 128 SSD, Windows 10 Pro, Intel HD Graphics 3000, Dark Gray, 1.90 Kg)","3.4",,"₹","15298","https://www.amazon.in/dp/B071X5CVWP"
"Dell","Dell Inspiron 5425 Laptop, AMD Ryzen R7-5825U/16GB DDR4/512GB SSD/14.0"" (35.56cm) FHD+ WVA AG 250 nits with Comfortview/Backlit KB/Win 11 + MSO'21 + 15 Month McAfee/Platinum Silver/1.54kg","1",,"₹","67990","https://www.amazon.in/dp/B0CBKX6QFD"
"Dell","Dell G16-7630 Gaming Laptop, Intel Core i7-13650HX Processor/16GB/1TB SSD/NVIDIA RTX 4060, 8GB GDDR6/16 (40.64Cm) QHD+ 165Hz, 3ms, sRGB-100%/Win 11+MSO'21+McAfee 15 Month/Quantum White/2.87kg",,,"₹","157199","https://www.amazon.in/dp/B0C4ZYTZTN"
"Dell","Dell 14 Laptop, Intel Core i5-1235U Processor/ 8GB/ 512GB SSD/ 14.0""(35.56cm) FHD with Comfortview/Windows 11 + MSO'21/ McAfee 15 Months/Spill-Resistant Keyboard/Black Color/ 1.48kg","2.7",,"₹","56990","https://www.amazon.in/dp/B0BQJ4JSDN"
"Dell","Dell Inspiron 7430 2in1 Touch Laptop, Intel Core i5-1335U Processor/8GBLP DDR5/ 512GB SSD/ 14.0"" (35.56cm) FHD+ 16:10 Aspect Ratio/Active Pen/ Win11 + MSO'21/ McAfee 15 Months/Platinum Silver/ 1.58kg","4.4",,"₹","72990","https://www.amazon.in/dp/B0C1Z88WWP"
"Dell","Dell Vostro 3525 Laptop, AMD Ryzen 5-5500U Processor/ 8GB/ 512GB SSD/ 15.6"" (39.62cm) FHD AG 120Hz 250 nits Narrow Border Display/ Win11 + MSO'21/15 Month McAfee/Black/ 1.83kg","4.2",,"₹","42990","https://www.amazon.in/dp/B0CCSS93DW"
"Dell","Dell Vostro 3425 Metal Laptop, Ryzen 5-5625U, 16GB, 512GB, 14.0"" (35.56CMs) FHD WVA AG 250 nits, Backlit KB + FPR, Win 11 + MSO'21, 15 Month McAfee, Dark Silver, 1.48kg",,,"₹","59490","https://www.amazon.in/dp/B0BYD6W6Z1"
"Dell","Dell 14 Laptop, AMD Ryzen R3-5425U, 8GB, 256GB SSD, 14.0"" (35.56cm) FHD WVA AG 250 nits, Win 11 + MSO'21, 15 Month McAfee, Spill-Resistant Keyboard, Carbon Black, 1.48kg","3.9",,"₹","40990","https://www.amazon.in/dp/B0BWZ16S1M"
"Dell","Dell Inspiron 3530 Laptop, Intel i5-1335U/16GB/1TB SSD/15.6"" (39.62cm) FHD AG 120Hz 250 nits/Backlit KB/Platinum Silver/Win 11+MSO'21/15 Month McAfee/1.66kg",,,"₹","74499","https://www.amazon.in/dp/B0CDBNHT9L"
"Dell","Dell Vostro 5630 Laptop, Intel Core i7-1355U Processor/ 16GB LPDDR5/ 512GB SSD/ 16.0"" (40.64cm) FHD+, 16:10 Aspect Ratio/Windows 11 + MSO'21/ McAfee 15 Month/Titan Grey/Hardware TPM 2.0/1.90kg","4.8",,"₹","89990","https://www.amazon.in/dp/B0C4ZHK5W1"
"Dell","Dell Alienware x14 R2 Gaming Laptop, Intel Core i7-13620H Processor/16GB/1TB SSD/NVIDIA RTX 4050 6GB GDDR6/14'' (35.56cm) QHD+ 165Hz, 3ms, 300nits/Win 11 + MSO'21/McAfee 15 Month/Lunar Silver/2.08kg",,,"₹","208990","https://www.amazon.in/dp/B0C4ZDRZR1"
"Dell","Dell XPS 9320 Laptop, Intel Evo platform powered by Intel Core i7-1360P Processor/32GB LPDDR5/1TB SSD/13.4""(34.03cm)UHD+ Touch/Backlit KB + FPR/Win 11 + MSO'21 + 15 Month McAfee/Platinum Silver/1.24KG",,,"₹","201990","https://www.amazon.in/dp/B0CBKY79M8"
"Dell","Dell Windows Inspiron 3515 Laptop, AMD Ryzen 5-3450U, Win 11 + MSO'21, 8GB GDDR4, 512Gb SSD, Vega Graphics, 15.6"" (39.62Cms) FHD Anti-Glare, Carbon Black - D560790WIN9BE, 1.8Kgs","3.7",,"₹","41299","https://www.amazon.in/dp/B09TNY95RK"
"Dell","(Refurbished) Dell Latitude Laptop 5400 Intel Core i5 Mobile-8th Gen -Processor , 64 GB Ram & 2TB SSD, 14 Inches FHD 1080p Screen Notebook Computer",,,"₹","50500","https://www.amazon.in/dp/B0CGRKNC13"
"Dell","Dell Alienware x15 R1 Gaming Laptop, Intel Core i7-11800H Processor/ 16GB/ 1TB SSD/Win 11 + MSO'21/ NVIDIA RTX 3060 6GB/ 15.6"" (39.62cm) FHD 300 nits 360Hz + Alien FX/Lunar Light/ 2.27kg",,,"₹","244490","https://www.amazon.in/dp/B09S3Y2C9F"
"Dell","(Refurbished) Dell Latitude Laptop E7480 Intel Core i7 - 7600u Processor 7th Gen, 16 GB Ram & 512 GB SSD, 14.1 inches Ultra Slim & Feather Light 1.37KG Notebook Computer, Windows 10 Pro","3",,"₹","30500","https://www.amazon.in/dp/B09YS5Y5NY"
"Dell","Dell Inspiron 7420 2in1 Laptop, Intel Core i5-1235U Processor, 8GB & 512GB SSD, 14.0"" (35.56cm) FHD+ Touch 250 nits, Active Pen, Backlit KB, Win 11 + MSO'21, 15 Month McAfee, Platinum Silver, 1.57kg","3.7",,"₹","72990","https://www.amazon.in/dp/B0BQJ7CRNV"
"Dell","Dell XPS 9530, Intel Evo Platform Powered by Intel Core i7-13700H Processor/32GB/1TB SSD/NVIDIA RTX 4050 + 6GB GDDR6/15.6"" (39.62cm) OLED AR Infinity Edge 400 nits Touch/Backlit KB/Silver/1.86kg",,,"₹","279490","https://www.amazon.in/dp/B0C6L16V8X"
"Dell","Dell Alienware x14 Gaming Laptop, Intel i5-12500H, 14"" (35.5cm) FHD 144Hz 400nits GSYNC + Advanced Optimus, 16GB DDR5, 512GB SSD, Nvidia RTX 3050 4GB, Dolby Atmos, Lunar Light (1.84 kgs) D569937WIN9",,,"₹","154990","https://www.amazon.in/dp/B0B467YWV3"
"Dell","Dell XPS 9730 Laptop, Intel Core i7-13700H Processor/32GB/1TB SSD/NVIDIA RTX 4060 8GB GDDR6/17.0"" (43.18cm) UHD+ AR InfinityEdge Touch 500 nits/Backlit KB + FPR/Win 11 + MSO'21/Platinum Silver/2.44kg",,,"₹","303490","https://www.amazon.in/dp/B0C6L414JM"
"Dell","Dell Inspiron 5518 Intel I5-11300H Laptop, 16Gb, 512Gb Ssd, Windows 11 + Ms Office'21, Nvidia Mx450 2Gb, 15.6 Inches (39.62 Cms) 250 Nits Fhd, Platinum Silver, Fpr + Backlit Kb (D560691Win9S, 1.64Kgs)","3.8",,"₹","69990","https://www.amazon.in/dp/B09NLQTCVK"
"Dell","Dell New Vostro 5625 Laptop, AMD Ryzen7-5825U, Win11+MSO'21, 16GB GDDR4, 512GB SSD, 16"" (40.64Cms) FHD+ with 16:10 Aspect Ratio, Win 11 + MSO'21, McAfee 15 Months, Backlit KB + FPR, 1.91Kgs","1",,"₹","73890","https://www.amazon.in/dp/B09TNZC8ZB"
"Dell","(Refurbished) DELL Latitude 5490 Core i5 8th Gen Laptop, 16 GB RAM, 512GB SSD, Intel HD Graphics, 14 inch (36.83 cms) HD Screen, Windows 11 (Upgraded), MS Office, Black, Slim","3.3",,"₹","27199","https://www.amazon.in/dp/B0BD4BN7B6"
"Dell","Dell Alienware m16 Gaming Laptop, AMD Ryzen 9-7845HX/32GB DDR5/2TB SSD/16 (40.64cm) FHD+ 480Hz, FHD IR Camera/NVIDIA RTX 4080, 12 GB GDDR6/Win 11 + MSO'21/15 Month Mcafee/Dark Metallic Moon/3.23kg",,,"₹","302990","https://www.amazon.in/dp/B0C917XSCR"
"Dell","Dell Inspiron 3525 Laptop, AMD Ryzen 5-5625U Processor, 8GB, 512GB, 15.6"" (39.62cm) FHD WVA AG 120Hz 250 nits Display, Windows 11 + MSO'21, 15 Month McAfee, Platinum Silver, 1.68kg","3.6",,"₹","50490","https://www.amazon.in/dp/B0BYD8ZCSC"
"Dell","Dell Vostro 3405 AMD Ryzen-5 3450U 14 inches(35cm) FHD Anti Glare 1920 x 1080, LED Display Laptop (8GB / 256 SSD/Vega Graphics/Windows 10 + MSO/Dune, 1.58 kg) D552148WIN9DE","4",,"₹","45000","https://www.amazon.in/dp/B08X4P3ZDF"
"Dell","Dell Inspiron 3520 Metal Laptop, Intel Core i5-1235U Processor, 16GB/ 512GB SSD/ MX550 (2GB GDDR6)/ 15.6"" (39.62cm) FHD/Windows 11 + MSO'21/15 Month McAfee/Backlit KB + FPR/Silver/ 1.65kg","2.5",,"₹","75990","https://www.amazon.in/dp/B0BH4RYSV8"
"Dell","(Refurbished) Dell Latitude 7390 8th Gen Intel Core i7 Thin & Light Business FHD Laptop (16 GB DDR4 RAM/512 GB SSD/13.3"" (33.8 cm) FHD/Windows 11/MS Office/WiFi/Webcam/Integrated Graphics)","3.9",,"₹","31887","https://www.amazon.in/dp/B0BQVRQ32K"
"Dell","Dell Inspiron 3520 Laptop, Intel i3-1115G4/8GB/512Gb SSD/15.6"" (39.62cm) FHD AG 120Hz 250 nits/Platinum Silver/Win 11+MSO'21/15 Month McAfee/1.65kg","3.9",,"₹","38290","https://www.amazon.in/dp/B0CDBN3B63"
"Dell","Dell XPS 9720 Laptop, Intel i7-12700H, 16GB DDR4 & 1TB SSD, Win 11 + MSO'21, NVIDIA RTX 3060 (6GB GDDR6), 17.0"" (43.9Cms) UHD+ AR InfinityEdge Touch 500 nits, Platinum Silver (D560068WIN9S, 2.42Kgs)",,,"₹","294000","https://www.amazon.in/dp/B0B467LX7D"
"Dell","Dell Inspiron 15 Laptop, Intel Core i5-1135G7 Processor, 8Gb, 512Gb SSd, Win 11 + MSO'21, Integrated Graphics, 15.6"" (39.62 cm) FHD Display, 15 Month McAfee, Backlit Keyboard, Platinum Silver","4",,"₹","51390","https://www.amazon.in/dp/B09NLSFZ9S"
"Dell","(Refurbished) Dell Latitude E5480 7th Gen Intel Core i5 Thin & Light HD Laptop (8 GB DDR4 RAM/256 GB SSD/14"" (35.6 cm) HD/Windows 11/MS Office/WiFi/Bluetooth/Webcam/Integrated Graphics)","3.4",,"₹","24890","https://www.amazon.in/dp/B0C1K7ZHBD"
"Dell","Dell Inspiron 5330, Intel Evo Platform Powered by Intel Core i5-1340P Processor/16GB LP DDR5/512GB SSD/13.3""(33.78cm) QHD+, 16:10 Aspect Ratio/Backlit KB + FPR, 15 Month McAfee/Platinum Silver/1.24kg",,,"₹","83090","https://www.amazon.in/dp/B0CBKVBNXT"
"Dell","Dell G15-5525 Gaming Laptop, R7-6800H, 16GB DDR5, 512GB SSD, AMD, NVIDIA RTX 3060 (6GB GDDR6), 15.6"" (39.62Cms) FHD WVA AG, 165 Hz 300 nits, Win 11+ MSO'21, 15 Months McAfee, Phantom Grey","4.1",,"₹","89990","https://www.amazon.in/dp/B0BHYQJLN9"
"Dell","Dell XPS 9730 Laptop, Intel Core i7-13700H Processor/32GB DDR5/1TB SSD/NVIDIA RTX 4060 8GB GDDR6/17.0"" (43.18cm) UHD+ AR Touch 500 nits/Backlit KB + FPR/Win 11 + MSO'21 + 15 Month McAfee/Silver/2.44kg",,,"₹","303490","https://www.amazon.in/dp/B0CBKVJRHY"
"Dell","Dell Inspiron 14 5402, 14 inch FHD Non-Touch Laptop - 11th Generation Intel Core i5-1135G7, 8GB DDR4 RAM, 512GB SSD, Intel Iris Xe Graphics, Windows 10 Home - Platinum Silver","4.3",,"₹","48990","https://www.amazon.in/dp/B093ZD1Z2V"
"Dell","(Refurbished) Dell Latitude E7270 6th Gen Intel Core i7 Thin & Light FHD Laptop (8 GB DDR4 RAM/256 GB SSD/12.5"" (31.8 cm) FHD/Windows 11/MS Office/WiFi/Bluetooth/Webcam/Integrated Graphics)","3.3",,"₹","23390","https://www.amazon.in/dp/B0BVZC7PLS"
"Dell","DELL 14 Laptop, 12th gen Intel Core i5-1235U Processor, 8GB, 512GB SSD, 14.0"" (35.56 cm) FHD WVA AG 250 nits, Win 11 + MSO'21, 15 Month McAfee, Spill-Resistant Keyboard, Carbon Black, 1.48kg",,,"₹","54990","https://www.amazon.in/dp/B0BWZ1FMGF"
"Dell","Dell Latitude 3420 Intel I5-1135G7 14 Inches Hd Business Laptop (8Gb 512Gb Nvme ® Iris ® Xe Graphics 3 Year Adp Windows 10 Pro, 1.52Kg)","3",,"₹","75250","https://www.amazon.in/dp/B098K6B689"
"Dell","Dell Inspiron 7430 2in1 Touch Laptop, Intel i5-1335U/16GB/512GB SSD/14.0"" (35.56cm) FHD+ 16:10 Aspect Ratio, Comfortview/Active Pen/Backlit KB + FPR/Win 11 + MSO'21/McAfee 15 Month/Platinum Silver","4.2",,"₹","88000","https://www.amazon.in/dp/B0C15CDCLF"
"Dell","Dell Inspiron 3520 Laptop, Intel Core i5-1235U Processor/8GB/1TB + 256GB SSD/15.6"" (39.62cm) FHD, 3 Sided Narrow Border Design with 120Hz FHD Display/Windows 11 + MSO'21/15 Month McAfee/Black/1.65kg","3.7",,"₹","54450","https://www.amazon.in/dp/B0BQJ8KL7Q"
"Dell","Dell Gaming G15 5525, AMD R7-6800H, 16GB, 512GB SSD, NVIDIA RTX 3050 (4GB GDDR6), 15.6"" (39.62Cms) FHD WVA AG 120Hz 250 nits, Win 11 + MSO'21, McAfee 15 Months, Phantom Grey with speckles, 2.51Kgs","3.5",,"₹","79990","https://www.amazon.in/dp/B0B5H6QMTQ"
"Dell","Dell Gaming G15-5530 Laptop, Intel Core i5-13450HX/ 8GB/ 512GB SSD/NVIDIA RTX 3050 (6GB GDDR6)/ 15.6"" (39.62Cms) FHD 120Hz 250 nits/Win 11 + MSO'21 (GN553064GRM002ORB1, Dark Shadow Gray)","1",,"₹","85999","https://www.amazon.in/dp/B0C1Z6MK4K"
"Dell","(Refurbished) DELL LATITUDE 7390 (Core i5 8th GEN /8GB RAM/ 256GB SSD/ WEBCAM/ 13.3'' TOUCH/ WIN-10 PRO) 1 Year Warranty","3.4",,,,"https://www.amazon.in/dp/B0BVR5761Y"
"Dell","(Refurbished) Dell Latitude Laptop 7470 Intel Core i5 - 6300u Processor 6th Gen, 4 GB Ram & 256 GB SSD, 14.1 Inches (Ultra Slim & Feather Light 1.59KG) Notebook Computer",,,"₹","20790","https://www.amazon.in/dp/B0CDQ4YXLT"
"Dell","(Refurbished) Dell Latitude Air Laptop E7280 Intel Core i5 - 6300u Processor 6th Gen, 8 GB Ram & 512 GB SSD, 12.5 Inches (Ultra Slim & Feather Light 1KG) Notebook Computer","3",,,,"https://www.amazon.in/dp/B09VDN8VNN"
"Dell","Dell Inspiron 3530 13th Gen Laptop, Intel Core i5-1335U Processor/ 8GB/ 512GB SSD/ 15.6"" (39.62cm) FHD WVA AG 120Hz 250 nits/Backlit Keyboard/Windows 11 + MSO'21/ McAfee 15 Months/Silver/ 1.66kg",,,"₹","72499","https://www.amazon.in/dp/B0C15CB87X"
"Dell","(Refurbished) Dell Latitude Laptop 7470 Intel Core i5 - 6300u Processor 6th Gen, 32 GB Ram & 128 GB SSD, 14.1 Inches (Ultra Slim & Feather Light 1.59KG) Notebook Computer",,,"₹","23590","https://www.amazon.in/dp/B0CDQ4Z6NN"
"Dell","Dell New G15-5515 Gaming Laptop, AMD Ryzen5-5600H, Win 11 + MSO'21, 16Gb Gddr4, 512Gb SSD, Nvidia RTX 3050 (4Gb Gddr6), 15.6"" (39.62Cms) FHD AG 250 Nits 120Hz, Backlit KB Orange, 2.57Kgs","3.9",,"₹","78490","https://www.amazon.in/dp/B09TNXY3QF"
"Dell","Dell Inspiron 7430 2in1 Touch Laptop, Intel Core i5-1335U Processor/16GB LP DDR5/1TB SSD/14.0"" (35.56cm) FHD+ with Comfort View/Active Pen/Win 11 + MSO'21/15 Month McAfee/Platinum Silver/1.58kg","3.7",,"₹","86990","https://www.amazon.in/dp/B0CCSQ62CT"
"Dell","(Renewed) Dell Latitude Laptop E7480 Intel Core i5-6200u Processor 6th Gen, 32 GB Ram & 512 GB SSD, 14.1 Inches (Ultra Slim & Feather Light 1.37KG) Notebook Computer",,,"₹","27290","https://www.amazon.in/dp/B09KH9RYX4"
"Dell","Dell Inspiron 3511 Laptop, Intel Core i5-1135G7 Processor/ 8GB/ 512GB SSD/NVIDIA MX350 2GB GDDR5/ 15.6"" (39.62cm) FHD WVA AG/Win 11 + MSO' 21/15 Month McAfee/Backlit KB/Platinum Silver/ 1.8kg",,,"₹","59990","https://www.amazon.in/dp/B0B5H6LSDQ"
"Dell","Dell G15-5530 Gaming Laptop, Intel Core i7-13650HX Processor/16GB/512GB SSD/NVIDIA RTX 4050 6GB GDDR6/15.6"" (39.62cm) FHD 165Hz sRGB-100%/Win 11+MSO'21/Backlit KB 4-Zone RGB/Dark Shadow Gray/2.65Kgs",,,"₹","125699","https://www.amazon.in/dp/B0C4ZQWS9V"
"Dell","Dell Inspiron 5430 13th Gen Laptop, Intel i7-1355U/16GB LPDDR5/512GB SSD/14.0"" (35.56Cms) FHD+ Comfort View/Backlit KB + FPR/Windows 11+MSO'21/McAfee 15 Months/Platinum Silver/Thunderbolt 4.0/1.59KGs","3.4",,"₹","98990","https://www.amazon.in/dp/B0C2HV8Y17"
"Dell","Dell 15 (2021) Inspiron 3511 Intel i3-1115G4 15.6 inches FHD Display Laptop, (8GB, 1TB + 256Gb SSD, Integrated Graphics, Windows 11 + MS Office 2, Platinum Silver, D560648WIN9S)","3.5",,"₹","43600","https://www.amazon.in/dp/B09NLS7RWY"
"Dell","Dell Alienware m16 R1 Gaming Laptop, Intel i7-13700HX/16GB DDR5/1TB SSD/NVIDIA RTX 4060, 8 GB GDDR6/16 (40.64cm) QHD+ 165Hz Comfortview Plus/AlienFX RGB KB/Win 11 + MSO'21/Metallic Moon/3.25kg",,,"₹","204499","https://www.amazon.in/dp/B0CBKXXQWP"
"Dell","(Refurbished) Dell Latitude Laptop 7470 Intel Core i5 - 6300u Processor 6th Gen, 8 GB Ram & 256 GB SSD, 14.1 Inches (Ultra Slim & Feather Light 1.59KG) Notebook Computer",,,"₹","21900","https://www.amazon.in/dp/B0CDQ89HBM"
"Dell","(Refurbished) DELL Latitude 5490 Core i5 8th Gen Laptop, 16 GB RAM, 256GB SSD, Intel HD Graphics, 14 inch (36.83 cms) HD Screen, Windows 11 (Upgraded), MS Office, Black, Slim","2.3",,"₹","25158","https://www.amazon.in/dp/B0BD4D1WGL"
"Dell","Dell Inspiron 3520 Laptop,11th Gen Intel Core i3-1115G4, Windows 11 + MSO'21, McAfee 15 Months, 8GB, 512GB SSD, 15.6"" (39.62Cms) 3 Sided Narrow Border Design with 120Hz FHD Display, Black, 1.65Kgs","3",,"₹","36790","https://www.amazon.in/dp/B0CDJGWZBV"
"Dell","(Refurbished) Dell Latitude E7470 Intel Core i7 6th Gen 14 inches Laptop /16 GB RAM/512 GB SSD/Windows 10 Pro/MS Office/HD Display/Integrated Graphics, 1.9 kg","3.5",,"₹","34500","https://www.amazon.in/dp/B08MV2BNVB"
"Dell","(Refurbished) DELL Latitude 3380 Core i5 7th Gen Laptop, 8 GB RAM, 512gb SSD, Intel HD Graphics, 13.3 inch HD Screen, Windows 11 (Upgraded), MS Office, Black, Slim","3.2",,"₹","23198","https://www.amazon.in/dp/B0BZ5149SS"
"Dell","Dell Vostro 5620 Laptop, Intel i5-1240P, 16GB DDR4, 512GB SSD, 16"" (40.64cms) FHD+ with 16:10 Aspect Ratio, Win 11+ MSO'21, McAfee 15 Months, Backlit KB + FPR, Titan Grey, 1.91Kgs","4.4",,"₹","74999","https://www.amazon.in/dp/B0BHYSTLN5"
"Dell","Dell 15 Inspiron 3511 (2021) 15.6 inches FHD Intel i5-11th Gen 1135G7 Laptop (Windows 10 + MS Office 8GB - 512GB SSD Integrated Graphics Backlit KB, D560509WIN9S-Platinum Silver, 1.8Kg)","2.3",,"₹","50990","https://www.amazon.in/dp/B09JZNZV2R"
"Dell","(Refurbished) Dell Vostro 3420 Laptop,12th Gen Intel Core i5-1235U, 8GB & 512GB SSD, 14.0"" (35.56Cms) FH",,,"₹","42491.5","https://www.amazon.in/dp/B0BXHBTHQG"
"Dell","(Refurbished) Dell Latitude E7270 6th Gen Intel Core i7 Thin & Light FHD Laptop (16 GB DDR4 RAM/512 GB SSD/12.5"" (31.8 cm) FHD/Windows 11/MS Office/WiFi/Bluetooth/Webcam/Integrated Graphics)","3.3",,"₹","34500","https://www.amazon.in/dp/B0BVZD7V4Z"
"Dell","(Refurbished) Dell Latitude 7490 Intel Core i7-8650U 14"" GHD Windows 10 Pro, Business Laptop (16GB RAM 512GB SSD)","3.7",,"₹","36500","https://www.amazon.in/dp/B07HWL9YWW"
"Dell","Dell (Renewed) Latitude Laptop E7470 Intel Core I5-6300U Processor,8 Gb Ram&512 Gb Ssd,14.1 Inches Screen (Ultra Slim&Light 1.58Kg) Notebook Computer,Windows 10 Pro","3",,"₹","21880","https://www.amazon.in/dp/B08XWHGY76"
"Dell","(Renewed) Dell Intel Core i5 12.5-Inch (31.75 cms) Full HD (1920 X 1080) Pixels Ultra Light Laptop (16 GB/512 GB SSD/Windows 10 Pro/1.26 Kg), E7270-i5-16-512","3.7",,"₹","23390","https://www.amazon.in/dp/B08XWSC3SN"
"Dell","(Refurbished) Dell Inspiron 5430 13th Gen Laptop, Intel i7-1360P/16GB/1TB SSD/14.0"" (35.56CMs) FHD+ WVA AG with Comfortview Support 250 nits/Backlit KB+FPR/Win 11+MSO'21/15 Month McAfee/Platinum Silver/1.59KGs",,,"₹","72241","https://www.amazon.in/dp/B0CDWDWQQN"
"Dell","Dell New 2021 Inspiron 3511 NB || Intel Core i3-11th Gen || 16 GB Ram || 1TB HDD+256GB SSD || Windows 11 Home+Office 2021 || 32 GB Pendrive sandisk|| FHD Display|Black Color || 1 Yr Warranty","3.2",,"₹","43650","https://www.amazon.in/dp/B09F5KMH9L"
"Dell","Dell 2in1 Inspiron 7420 Laptop, Intel i7-1255U, 16GB, 512GB, Win 11+MSO'21, NVIDIA MX550 (2GB GDDR6), 14.0"" (35.56Cms) FHD+ WVA Touch 250 nits, Active Pen, Platinum Silver (D560829WIN9S, 1.57Kgs)","4.7",,"₹","99889","https://www.amazon.in/dp/B0B2X1CHQ1"
"Dell","(Refurbished) DELL Precision 5540 Laptop / Intel Core i7-9850H / 32GB RAM / 512GB SSD / Nvidia Quadro T1000 with 4GB Graphics / Windows 10 Pro / 15.6 inches Ultra HD 4K Touchscreen Display","1.8",,"₹","68900","https://www.amazon.in/dp/B09SB6Y3P6"
"Dell","Dell G16-7630 Gaming Laptop, Intel Core i7-13650HX Processor/32GB/1TB SSD/NVIDIA RTX 4060, 8GB GDDR6/16 (40.64Cms) QHD+ 165Hz, 3ms, sRGB-100%/Win 11+MSO'21+McAfee 15 Month/Quantum White/2.87Kgs","1",,"₹","166899","https://www.amazon.in/dp/B0C4ZNZ14D"
"Dell","(Refurbished) Dell Latitude 14 7400 14"" Notebook - Intel Core i7-8665U - 16GB RAM - 512GB SSD","3.9",,"₹","38490","https://www.amazon.in/dp/B07ZG2SP94"
"Dell","Dell Latitude 5420 Business Laptop ll14 FHD Touchscreen ll Intel Core i5-10310U Processor ll 8GB RAM ll 512GB SSD ll RJ45 ll Windows 10 Pro ll 3 Year ADP Warranty","5",,"₹","69990","https://www.amazon.in/dp/B08BB1C114"
"Dell","(Refurbished) Dell Latitude 7400 Laptop - 14.0"" FHD AG W/ IR Cam - 1.9 GHz Intel Core i7-8665U Quad-Core - 512GB SSD - 16GB - Windows 10 pro","4.6",,"₹","38500","https://www.amazon.in/dp/B09P8F5TRM"
"Dell","Dell 15 (2021) Intel I5-1135G7, 8Gb, 1Tb + 256Gb Ssd, Windows 11 + Ms Office'21, Integrated Graphics, 15.6 Inches (39.62 Cms) Fhd Display, Carbon Black (Inspiron 3511, D560653Win9B)","3.8",,"₹","54750","https://www.amazon.in/dp/B09NLS78R6"
"Dell","Dell 15 2021 Intel i3-1005G1 Laptop, 8GB DDR4, 1TB HDD + 256GB SSD, Windows 10 + MS Office, Integrated Graphics, 15.6 inches FHD Display, Platinum Silver (Inspiron 3511, D560586WIN9SE), 1.8kg","3",,"₹","42100","https://www.amazon.in/dp/B09F3NTP1M"
"Dell","Dell 15 (2022) Intel I7-11800H, 16Gb/512Gb Ssd, Windows 11+Mso'21, Nvidia RTX 3050 Ti 4Gb, 15.6 Inches (39.61 Cms) Uhd+ Display, Platinum Silver (D560061Win9S, Xps 9510)","1",,"₹","229490","https://www.amazon.in/dp/B09PVDB3BN"
"Dell","(Refurbished) DELL Latitude 5490 Core i5 8th Gen Laptop, 8 GB RAM, 256GB SSD, Intel HD Graphics, 14 inch (36.83 cms) HD Screen, Windows 11 (Upgraded), MS Office, Black, Slim","3.7",,"₹","23599","https://www.amazon.in/dp/B0BD4CHCB5"
"Dell","Dell Alienware X17 R1 Gaming Laptop, Intel Core i9-11980HK, 32Gb, 1TB SSD, 17.3"" (43.94 Cms) FHD1ms 360Hz, NVIDIA RTX 3080 (16GB GDDR6). Windows 11 + MSO'21, Lunar Light (D569936WIN9, 3.02Kgs)","5",,"₹","299990","https://www.amazon.in/dp/B0BT75FRBR"
"Dell","Dell 14 (2021) Intel i5-1135G7 Laptop, 8GB, 512GB SSD, Windows 10 + MS Office, Integrated Graphics, 14.0 inches FHD Display, Accent Black (Vostro 3400, D552204WIN9BE), 1.59kg","3.9",,"₹","47500","https://www.amazon.in/dp/B09F3RF871"
"Dell","(Refurbished) Dell E5450 Latitude 14 Inch Laptop (5th Gen Intel Core i5 - 5300u /16 GB/256 GB SSD/Windows 10 Pro), Black","2",,"₹","21489","https://www.amazon.in/dp/B07ZRPBY5Z"
"Dell","Dell [SmartChoice G15-5520 Gaming Laptop, Intel Core I7-12650H Processor/ 16Gb DDR5/ 512Gb SSD/Nvidia RTX 3060 (6GB GDDR6), 15.6"" (39.62cm) FHD 165Hz 300 Nits/Windows 11+ MSO'21/2.81kg","5",,,,"https://www.amazon.in/dp/B0BHYRNXNJ"
"Dell","(Renewed) Dell 7480 Intel Core i7 14-Inch (35.56 cms) Full HD (1920 X 1080) Laptop (16 GB/256 SSD/Windows 10 Pro/Integrated_graphics/Black/2.16 Kg), TFJ45","2.9",,,,"https://www.amazon.in/dp/B07XJCZ6NX"
"Dell","(Refurbished) Dell Latitude 6th Gen Intel Core i7 Thin & Light HD Laptop (8 GB DDR4 RAM/256 GB SSD/12.5"" (31.8 cm) HD/Windows 11/MS Office/WiFi/Bluetooth/Webcam/Integrated Graphics)","2.5",,"₹","23999","https://www.amazon.in/dp/B0C58G7VFB"
"Dell","Dell Inspiron 3525 Laptop,Amr Ryzen R5-5500U/8Gb/512Gb/15.6"" (39.62Cm) Fhd Wva Ag 120Hz 250 Nits/Win 11 + Mso'21,15 Month Mcafee/Carbon Black/1.68Kg,AMD",,,"₹","43900","https://www.amazon.in/dp/B0C9F2B9LF"
"Dell","Dell XPS 9315 Laptop, Intel Evo Platform Powered by Intel Core i7-1250U Processor, 16GB LPDDR5, 512Gb SSD, 13.4"" (34.03cm) FHD+ AG 500 nits, Backlit KB & FPR, Win 11 + MSO'21, Sky Color, 1.17Kgs",,,"₹","128910","https://www.amazon.in/dp/B0BGJ7YCTF"
"Dell","Dell Inspiron 5430 13th Gen Laptop, Intel i5-1335U/8GB LPDDR5/512GB SSD/ 14.0"" (35.56Cms) FHD+ Comfortview/Backlit KB/Win 11 + MSO'21/Mcafee 15 Months/Platinum Silver/Thunderbolt 4.0   Port/1.59KGs","2.5",,"₹","66990","https://www.amazon.in/dp/B0C15CVNFG"
"Dell","(Renewed) Dell Intel Core i5 6th Gen 14-Inch(35.56 cms) 1366 x 768 HD Laptop (16GB RAM/512GB SSD/Windows 10 Pro/MS Office/Intel HD Integrated Graphics/1.5Kg,Black) Latitude E5480","3.5",,"₹","21399.99","https://www.amazon.in/dp/B09M42YX2Y"
"Dell","(Refurbished) Dell Latitude Laptop 7470 Intel Core i5 - 6300u Processor 6th Gen, 16 GB Ram & 256 GB SSD, 14.1 Inches (Ultra Slim & Feather Light 1.59KG) Notebook Computer","5",,"₹","21990","https://www.amazon.in/dp/B0CDQ7ZSKM"
"Dell","(Renewed) Dell Intel 5th Gen Core i5 5300U 14-Inch (35.56 cms) Laptop (8 GB/256 GB SSD/Windows 10/Intel HD Graphics/Black/), Latitude E5450","3.3",,"₹","19890","https://www.amazon.in/dp/B07SN9P55R"
"Dell","Dell Inspiron 5425 Laptop, AMD Ryzen 5-5625U/ 8GB/ 512GB SSD/ 14.0"" (35.56cm) FHD+ WVA AG 250 nits,16:10 Aspect Ratio/Backlit KB/Win 11+MSO'21/15 Month McAfee/Platinum Silver/1.54kg",,,"₹","52990","https://www.amazon.in/dp/B0C2HZ68RB"
"Dell","(Refurbished) Dell Latitude 5290 8th Gen Intel Core i5 Thin & Light HD Laptop (8 GB DDR4 RAM/500 GB HDD/12.5"" (31.8 cm)/Windows 11/MS Office/WiFi/Bluetooth 4.0/Webcam/Intel UHD Graphics)","2.9",,"₹","21999","https://www.amazon.in/dp/B0B2R3HP5W"
"Dell","Dell G15-5530 Gaming Laptop, Intel Core i7-13650HX Processor/16GB/512GB SSD/NVIDIA RTX 4050, 6GB GDDR6/15.6""(39.62cm) FHD 165Hz, sRGB-100%/Win 11 + MSO'21/Backlit Keyboard RGB/Quantum White/2.65Kgs","3",,"₹","134499","https://www.amazon.in/dp/B0C4ZV4FMM"
"Dell","Dell Inspiron 7620 2in1 Laptop, Intel Core i5-1235U Processor/ 8GB DDR4/ 512GB SSD/ 16"" (40.64cm) FHD+ WVA AG Touch 300 nits/Active Pen/Windows 11+ MSO'21/15 Month McAfee/Platinum Silver/ 2.1kg",,,"₹","85790","https://www.amazon.in/dp/B0BHYSQ917"
"Dell","Dell Inspiron 3501 (15.6 inches) FHD Display Laptop (Intel 11th Gen i5-1135G7/ 8GB / 1TB + 256GB SSD/NVIDIA MX330 2GB Graphics/Windows 10 + MSO/Soft Mint Color) D560439WIN9S, 1.83kg","4",,"₹","61999","https://www.amazon.in/dp/B0919LPGKH"
"Dell","Dell Inspiron 5320 Laptop, Intel Core i5-1240P Processor, 16GB, 512GB,13.3"" (33.78cm) QHD+,Backlit KB + FPR,Windows 11 + MSO'21, 15 Month McAfee, FHD Camera with Privacy Shutter,Platinum Silver,1.25kg","4",,"₹","74443","https://www.amazon.in/dp/B0BYD7S6SX"
"Dell","Dell New Inspiron 3515 Windows Laptop, AMD Ryzen3-3250U, Win11 + Office' 21, 8GB GDDR4, 1TB HDD + 256GB SSD, 15.6"" (39.62Cms) FHD AG, Carbon Black - D560798WIN9BE, 1.8Kgs","3.9",,"₹","42199","https://www.amazon.in/dp/B09TNY7CBX"
"Dell","Dell Inspiron 3505 15.6 inches FHD Display Laptop (AMD R5-3450U/8GB/1TB + 256Gb SSD/Vega Graphics/Windows 10 + MSO/Accent Black) D560431WIN9B, 1.83Kg","4",,"₹","48500","https://www.amazon.in/dp/B0919M8GTN"
"Dell","Dell Inspiron 3501 Intel 11th Gen Core i5-1135G7 15.6 inches FHD Laptop (8GB/1TB + 256GB SSD/Windows 10 + MS Office 2019/Backlit KB/1.83 kg), Soft Mint","3.7",,"₹","55000","https://www.amazon.in/dp/B08VRSHJKL"
"Dell","Dell XPS 9315 Laptop, Intel i5-1230U, 16GB LPDDR5, 512Gb SSD, 13.4"" (35.5 Cms) FHD+ AG Infinity Edge 500 nits, Backlit KB & FPR, Win 11 + MSO'21, Sky Color (ICC-C786507WIN8, 1.17Kgs)","5",,"₹","124500","https://www.amazon.in/dp/B0BGJ8XRGB"
"Dell","(Refurbished) Dell Latitude Laptop 7480 Intel Core i5 - 6300u Processor 6th Gen, 32 GB Ram & 512 GB SSD, 14.1 Inches (Ultra Slim & Feather Light 1.48KG) Notebook Computer","5",,"₹","25990","https://www.amazon.in/dp/B0CDQ6N21W"
"Dell","(Refurbished) Dell Inspiron 7430 2in1 Touch Laptop, Intel Core i3-1315U/8GB/1TB SSD/14.0 "" (35.56cm) FHD+ Comfortview Support,16:10 Aspect Ratio/Backlit KB+FPR/Win 11+MSO'21/15 Months McAfee/Platinum Silver/1.58kg",,,"₹","51416","https://www.amazon.in/dp/B0CFLNJSHT"
"Dell","Dell Newest Inspiron 7420 2-in-1 Laptop, 14"" FHD+ Touch Display, 12th Gen Intel Core i5-1235U, 16GB DDR4 RAM, 512GB PCIe SSD, FHD Webcam, HDMI, Backlit KB, FP Reader, Wi-Fi 6, Windows 11 Home, Silver","5",,"₹","81400","https://www.amazon.in/dp/B0B64JV9KJ"
"Dell","Dell New 14"" Latitude 3420-- I5 11Th Gen || 16 Gb || 1Tb + 512 Gb Ssd || 14"" HD || Windows10 Pro ( Upgradeable Windows 11 Pro) || 3 Year Onsite with Adp Warranty || Backlit || Intel Iris Xe Graphics","3.3",,"₹","73475","https://www.amazon.in/dp/B09SJ2NDXJ"
"Dell","(Refurbished) Dell Latitude 7410 14"" Notebook - Full HD - 1920 x 1080 - Core i5 i5-10310U 10th Gen 1.7GHz Hexa-core (6 Core) - 16GB RAM - 256GB SSD, 14-14.99 inches","4.4",,"₹","38999","https://www.amazon.in/dp/B08MFSS2GR"
"Dell","Dell XPS 9320 Laptop, Intel Core i5-1240P, 16GB, 512GB SSD, Win 11 + MSO'21, 13.4"" (34.036Cms) UHD+ AR 500 nits Touch, 15 Month McAfee, Backlit KB + FPR, 1.24Kgs","1",,"₹","155000","https://www.amazon.in/dp/B0B5DSWV15"
"Dell","(Refurbished) Dell Latitude Laptop 5490 Intel Core i5 7th Gen -Processor , 64 GB Ram & 2TB SSD, 14 Inches FHD 1080p Screen Notebook Computer",,,"₹","41590","https://www.amazon.in/dp/B0C9TGZ2HK"
"Dell","Dell Inspiron 5620 Laptop,I7-1255U,16Gb Ddr4,512Gb Ssd,Nvidia Geforce Mx570 (2Gb Gddr6),16"" (40.64Cms) Fhd+ Wva Ag 250 Nits,Win 11+ Mso'21,Platinum Silver (Icc-C783532Win8,1.8Kgs),Intel","5",,"₹","96990","https://www.amazon.in/dp/B0BHYTNCBX"
"Dell","(Refurbished) Dell Vostro 3420 Laptop,12th Gen Intel Core i3-1215U, 8GB & 512GB SSD, 14.0"" (35.56Cms) FHD WVA AG 250 nits, Windows 11 + MSO'21, Carbon Black (D552325WIN9BE, 1.48 KGs)","4",,"₹","33141","https://www.amazon.in/dp/B0BTYMRV3K"
"Dell","(Refurbished) Dell Latitude Laptop 7390 Intel Core i7 Mobile-8th Gen Processor , 16 GB Ram & 256 GB SSD, 13.3 Inches FHD 1080p 1.17KG Light Weight Notebook Computer","3.3",,"₹","31999","https://www.amazon.in/dp/B0BVZXR8V2"
"Dell","(Refurbished) Dell Latitude Laptop 7470 Intel Core i5 - 6300u Processor 6th Gen, 16 GB Ram & 512 GB SSD, 14.1 Inches (Ultra Slim & Feather Light 1.59KG) Notebook Computer",,,"₹","22890","https://www.amazon.in/dp/B0CDQ67V4C"
"Dell","(Refurbished) Dell XPS 13 Plus Laptop, Intel Core i7-1260P, 16GB, 1TB SSD, Win 11 + MSO'21, 13.4"" (34.036Cms) UHD+ AR 500 nits Touch, 15 Month McAfee, Backlit KB, 1.24Kgs",,,"₹","152574.15","https://www.amazon.in/dp/B0C6XXDH7K"
"Dell","(Refurbished) Dell Latitude Laptop 5490 Intel Core i5 7th Gen -Processor , 16 GB Ram & 1TB SSD, 14 Inches FHD 1080p Screen Notebook Computer","2.4",,"₹","28541","https://www.amazon.in/dp/B0C9TFG2VQ"
"Dell","Dell New Inspiron 5410 2In1 Laptop Intel I5-1155G7, 8Gb, 512Gb Ssd, Windows 11 + Ms Office'21, 14 Inches (35.56 Cms) Touch Fhd 60Hz, Silver Color, Fpr + Backlit Kb & Active Pen (D560627Win9S), 1.5Kgs","3.5",,"₹","77800","https://www.amazon.in/dp/B09NLVN3DZ"
"Dell","(Refurbished) Dell Latitude Laptop E5470 Intel Core I5 6Th Gen.-6200U Processor,32 Gb Ram&512 Gb Ssd,14.1 Inches Hd Screen Notebook Computer,Windows 10 Pro","2.6",,"₹","25390","https://www.amazon.in/dp/B094CGTJ3H"
"Dell","(Refurbished) Dell Vostro 3510 Laptop, Intel Core i5-1135G7/ 8GB/ 1TB+256GB SSD/ 15.6"" (39.62Cms) FHD WV","2.6",,"₹","39091.5","https://www.amazon.in/dp/B0C5XW33XX"
"Dell","Dell (Renewed) Latitude Laptop E7480 Intel Core I5-6200U Processor 6Th Gen,8 Gb Ram&512 Gb Ssd,14.1 Inches (Ultra Slim&Feather Light 1.37Kg) Notebook Computer,Windows 10 Pro","2.6",,"₹","24590","https://www.amazon.in/dp/B09KHBKCN5"
"Dell","Dell Vostro 3510 Laptop, Intel Core i3-1115G4/ 8GB/ 1TB+256GB SSD/ 15.6"" (39.62Cms) FHD WVA AG/Win 11+MSO'21/ Titan Grey (ICC-D585049WIN8, 1.69Kgs)","3.5",,"₹","42750","https://www.amazon.in/dp/B0C2HXQGHQ"
"Dell","(Refurbished) Dell Vostro 3420 Laptop, Intel Core i5-1135G7, 8GB/ 512GB SSD/ 14.0"" FHD WVA AG 250 nits/W","1",,"₹","37391.5","https://www.amazon.in/dp/B0C5JQQSPJ"
"Dell","(Refurbished) Dell Gaming G15 5525, AMD R5-6600H, 16GB, 512GB SSD, NVIDIA RTX 3050 (4GB GDDR6), 15.6"" (39.62Cms) FHD WVA AG 120Hz 250 nits, Win 11 + MSO'21, Phantom Grey with speckles, 2.51Kgs (D560818WIN9B)",,,"₹","64999","https://www.amazon.in/dp/B0BV7453TG"
"Dell","Dell Latitude 3430 || Intel CORE i5 12th GEN || 8GB RAM || 512GB SSD NVME ||14inch FHD || Win11Pro || 3Years ADP Warranty || Business Machine",,,"₹","69900","https://www.amazon.in/dp/B08W6QCSDD"
"Dell","(Refurbished) Dell Latitude Laptop 5400 Intel Core i5 Mobile-8th Gen -Processor , 16 GB Ram & 512 GB SSD, 14 Inches FHD 1080p Screen Notebook Computer",,,"₹","32290","https://www.amazon.in/dp/B0CGRQWCD7"
"Dell","Dell G15-5530 Gaming Laptop, Intel Core i7-13650HX Processor/16GB/512GB SSD/NVIDIA RTX 4060, 8GB GDDR6/15.6"" (39.62cm) FHD 165Hz, 3ms, sRGB-100%/Win 11+MSO'21+McAfee 15 Month/Dark Shadow Gray/2.65kg","1",,"₹","129199","https://www.amazon.in/dp/B0C4ZWZJ9S"
"Dell","Dell New 2022 Model 14"" Latitude 3420-- i5 11th Gen || 16 GB || 512 GB || 14"" Full-HD (1920 x 1080) || Windows11 Pro || 3 Year Onsite with ADP Warranty || Intel® Iris® Xe Graphics",,,"₹","73800","https://www.amazon.in/dp/B0BGF6MMZS"
"Dell","(CERTIFIED REFURBISHED) Dell Latitude 3480, Core i3 6th Gen, 4GB RAM DDR4, 500 GB HDD, 14 inch Screen,Ubuntu Laptop",,,"₹","20800","https://www.amazon.in/dp/B07DVLG2Y4"
"Dell","Dell Inspiron 15.6"" Laptop, AMD Ryzen 5 Processor (up to 3.5 GHz), AMD Radeon Vega 8 Graphics, 64GB DDR4 RAM, 1TB PCIe SSD, Full Keyboard, Webcam, WiFi, HDMI, Windows 11 Home",,,"₹","105000","https://www.amazon.in/dp/B0BZRQ67XV"
"Dell","Dell XPS 13 Plus Laptop, Intel i7-1260P, 16GB LP DDR5 & 1TB SSD, 13.4"" (34.03Cms) UDH+ AR Infinity Edge 500 nits Touch, Backlit KB + Fingerprint Reader, Platinum (D560073WIN9S, 1.24Kgs)",,,"₹","193999","https://www.amazon.in/dp/B0BCHFZGRB"
"Dell","(Refurbished) Dell Vostro 3425 Laptop, AMD Ryzen 5-5500U/ 8GB/ 512GB/ 14.0"" (35.56Cms) FHD WVA AG 250 nits/Win 11+ MSO'21/15 Month McAfee/Carbon Black/ 1.48Kgs","3",,"₹","32291.5","https://www.amazon.in/dp/B0C72L8PK8"
"Dell","(Refurbished) Dell E7450 Latitude 14 Inches Laptop (5th Gen Intel Core i5 - 5300u /16 GB/256 GB SSD/Windows 10 Pro), Black","3.2",,"₹","20009","https://www.amazon.in/dp/B07V81GCS1"
"Dell","Dell New Inspiron 3515 Laptop, AMD Ryzen3-3250U, Windows 11 + Office'21, 8Gb Gddr4, 512Gb Ssd, 15.6 Inches (39.62Cms) Fhd Wva Ag, Carbon Black (D560793Win9B, 1.8Kgs)","4",,"₹","36990","https://www.amazon.in/dp/B09TNWVC4P"
"Dell","Dell Latitude Windows 10 Pro 3000 3520 15.6"" Notebook - Full HD - 1920 x 1080 - Intel Core i5 11th Gen i5-1135G7 Quad-core (4 Core) 2.40 GHz - 8 GB Total RAM - 256 GB SSD - Black","3.6",,"₹","70000","https://www.amazon.in/dp/B094YZ24KG"
"Dell","Dell 15 (2022) Intel I3-1115G4, 8Gb/512Gb Ssd, Windows 11+Mso'21, 15.6 Inches (39.61 Cms) Fhd Display, Platinum Silver (D560656Win9S, Inspiron 3511)","3.8",,"₹","38999","https://www.amazon.in/dp/B09PVBYWNC"
"Dell","(Refurbished) Dell Latitude Laptop 7470 Intel Core i5 - 6300u Processor 6th Gen, 4 GB Ram & 128 GB SSD, 14.1 Inches (Ultra Slim & Feather Light 1.59KG) Notebook Computer",,,"₹","20390","https://www.amazon.in/dp/B0CDQ65YMK"
"Dell","(Refurbished) Dell Latitude Laptop 7470 Intel Core i7 - 6600u Processor 6th Gen, 8 GB Ram & 256 GB SSD, 14.1 Inches FHD (Ultra Slim & Feather Light 1.59KG) Notebook Computer",,,"₹","24900","https://www.amazon.in/dp/B0CGRLYCVN"
"Dell","(Refurbished) Dell Latitude Laptop E5470 Intel Core I5 6Th Gen. - 6200U Processor, 8 Gb Ram & 128 Gb Ssd, Windows 10 Pro 14.1 Inches Hd Screen Notebook Computer","3.6",,"₹","19596","https://www.amazon.in/dp/B094BWT46K"
"Dell","Dell G15-5530 Gaming 13th Gen Laptop, i7-13650HX Processor/16GB/512GB SSD/NVIDIA RTX 4050 6GB GDDR6/15.6"" (39.62cm) FHD 120Hz 250 nits/Win 11 + MSO'21/Backlit KB 4-Zone RGB/Dark Shadow Gray/2.65kg","2",,"₹","126499","https://www.amazon.in/dp/B0C4Z8ZP9N"
"Dell","Dell Newest Vostro 5620 Business Laptop, 16"" FHD+ Screen, Intel Core i5-1240P Processor, 16GB RAM, 512GB SSD, Webcam, SD Card Reader, HDMI, Backlit KB, FP Reader, Wi-Fi 6, Windows 11 Pro","4",,"₹","119500","https://www.amazon.in/dp/B0B7L3V4CJ"
"Dell","Dell Inspiron 7415 AMD R5 5500U 14 inches(35cm) FHD Touch Display 2 in 1 Business Laptop (8GB/512GB SSD/Intel Integrated Graphics/Win 10 + MSO/Backlit KB + FPR + Active Pen/Pebble Metal Color, 1.5kg)","4",,"₹","69999","https://www.amazon.in/dp/B095S8HPMY"
"Dell","(Renewed) Dell Latitude Laptop E7480 Intel Core i5-6200u Processor 6th Gen, 64 GB Ram & 256 GB SSD, 14.1 Inches (Ultra Slim & Feather Light 1.37KG) Notebook Computer",,,"₹","32990","https://www.amazon.in/dp/B09KH7MDDC"
"Dell","Dell Latitude 5420 Laptop - 14"" HD (1366x768) AG Display - 2.6 GHz Intel Core i5 1145G7 4-Core (11th Gen) - 16GB - 256GB SSD - Windows 10 Pro","3.8",,"₹","129700","https://www.amazon.in/dp/B09GPT1GP1"
"Dell","(Refurbished) Dell Intel Core i5 6th Gen 14-Inch(35.56 cms) 1366 x 768 HD Laptop (8GB RAM/256GB SSD/Wind","2.2",,"₹","23500","https://www.amazon.in/dp/B09M446C8P"
"Dell","Dell Inspiron 14 -inch 3493 -inch Core i5-1035G4 10th Generation 4GB 128GBSSD Intel Graphics Windows 10 Home No Optical Drive No Flash Drive","4",,"₹","70280","https://www.amazon.in/dp/B081ZFFJ46"
"Dell","Dell Inspiron 3525 Laptop, AMD Ryzen R3-5425U, 8GB, 512GB, 15.6"" (39.62Cms) FHD WVA AG 120Hz 250 nits, Windows 11 + MSO'21, Platinum Silver (1.68Kgs D560764WIN9S)","3.9",,"₹","39500","https://www.amazon.in/dp/B0B5H3T1WS"
"Dell","Dell G15 5520 Gaming Laptop, Intel Core i7-12700H Processor/ 16GB/ 512Gb/ NVIDIA RTX 3050Ti 4GB GDDR6/ 15.6"" (39.62cm) FHD 120Hz 250 nits/Win 11 + MSO'21/ Backlit KB Orange/Shadow Grey/ 2.81Kg","3.6",,,,"https://www.amazon.in/dp/B09XXNKLBF"
"Dell","(Refurbished) Dell Latitude Laptop 7470 Intel Core i5 - 6300u Processor 6th Gen, 32 GB Ram & 1TB SSD, 14.1 Inches (Ultra Slim & Feather Light 1.59KG) Notebook Computer",,,"₹","26590","https://www.amazon.in/dp/B0CDQ5L4JJ"
"Dell","Dell Inspiron 5515 39.62 cm (15.6 inches) FHD AG 250nits Display Laptop (AMD Lucienne R5 5500U/8GB/512GB SSD/AMD Lucienne Graphic/Windows 10 + MSO/Backlit KB + FPR/Silver) D560459WIN9SE","4.1",,"₹","65000","https://www.amazon.in/dp/B097C2D9QD"
"Dell","Dell 15 (2021) AMD Ryzen 3-3250U 15.6 inches(39.6cm) FHD Display Laptop, 8GB, 256GB SSD, Windows 11 + MS Office'21, AMD Vega Graphics, Platinum Silver Color (Inspiron 3515, D560707WIN9S), 1.8Kg","3.9",,"₹","39200","https://www.amazon.in/dp/B09NLQM2QV"
"Dell","Dell Inspiron 3000 Series 3501 Laptop, 15.6 FHD Display, Intel Core i5-1135G7, 16GB DDR4 RAM, 1TB PCIe SSD, Webcam, WiFi, HDMI, SD Card Reader, Windows 11 Home, Black","4.1",,"₹","90000","https://www.amazon.in/dp/B094DSCX1J"
"Dell","(Refurbished) Dell Latitude Ultra Thin Laptop 3300 Intel Core i3 Mobile-7th Gen Processor , 8 GB Ram & 128 GB SSD, 13.3 Inches 1.58Kg Notebook Computer",,,"₹","18990","https://www.amazon.in/dp/B0CGRMC93P"
"Dell","(Refurbished) Dell Latitude Laptop 5490 Intel Core i5 7th Gen -Processor , 32 GB Ram & 2TB SSD, 14 Inches FHD 1080p Screen Notebook Computer",,,"₹","34990","https://www.amazon.in/dp/B0C9TFC893"
"Dell","(Renewed) Dell Latitude Laptop E7480 Intel Core i5-6200u Processor 6th Gen, 8 GB Ram & 1TB SSD, 14.1 Inches (Ultra Slim & Feather Light 1.37KG) Notebook Computer",,,"₹","26490","https://www.amazon.in/dp/B09KH6P2ZS"
"Dell","(Refurbished) Dell Vostro 5630 13th Gen Laptop,Intel i7-1355U/16GB LPDDR5/512GB SSD/16.0"" (40.64cm)FHD+ Comfort View,16:10 aspect ratio /Win 11 + MSO'21/McAfee 15 Month/Titan Grey/FHD Camera/Hardware TPM 2.0/1.90kg",,,"₹","76491","https://www.amazon.in/dp/B0CFTC72WZ"
"Dell","Dell Inspiron 5301 Intel i5-1135G7 13.3 inches (33.7cm) FHD IPS Anti Glare Display 11th Gen Laptop (8 GB / 512 SSD/Integrated Graphics/Windows 10 + MSO/Silver, 1.23Kg) D560378WIN9S","3.8",,"₹","59999","https://www.amazon.in/dp/B08MPXQ6M2"
"Dell","Dell Vostro 3400 14 inches(35cm) FHD Display Laptop (11th gen Intel i5-1135G7/8GB/512GB SSD/Integrated Graphics/Windows 10 + MSO/Dune Color) D552173WIN9DE, 1.59Kg","4.2",,"₹","52000","https://www.amazon.in/dp/B08X4NRJ9Q"
"Dell","Dell (Renewed) Latitude Laptop E7470 Intel Core I7-6600U Processor 6Th Gen,32 Gb Ram&1Tb Ssd,14.1 Inches (Ultra Slim&Feather Light 1.54Kg) Notebook Computer,Windows 10 Pro","2.9",,"₹","45858","https://www.amazon.in/dp/B09KS65DKY"
"Dell","(Refurbished) DELL LATITUDE 7280 Lightweight(Core i5 7th GEN/ 8GB RAM/ 256 SSD/ WEBCAM/ 12.5'' NO TOUCH/ WIN PRO) 1 Year Warranty","3.5",,"₹","22990","https://www.amazon.in/dp/B0B41Z7CPR"
"Dell","(Refurbished) Dell Vostro 3420 Laptop, Intel Core i5-1135G7, 16GB/ 512GB SSD/ 14.0"" FHD WVA AG 250 nits/","1",,"₹","41641.5","https://www.amazon.in/dp/B0C61KCCZ3"
"Dell","Dell XPS 9730 Laptop, Intel Core i9-13900H/32GB/1TB SSD/NVIDIA RTX 4070 8 GB GDDR6/17.0"" (43.18Cms) UHD+ AR InfinityEdge Touch 500 nits/Backlit KB + FPR/Win 11 + MSO'21/Platinum Silver/2.44Kgs",,,"₹","380499","https://www.amazon.in/dp/B0C6L2LZWL"
"Dell","Dell 2023 Inspiron 14 Business Laptop, 14"" FHD Display, AMD Ryzen 7 5825U(Beats i7-1185G7), Backlit Keyboard, HDMI,USB-C, BT,WiFi,Windows 11 Pro,Pebble Green (8G RAM | 512GB SSD)","4",,"₹","97757","https://www.amazon.in/dp/B0CDZJWJDD"
"Dell","Dell Vostro Windows 11 3515 Laptop, AMD Ryzen 3-3250U, 8GB, 256GB, Win 11+MSO'21, 15.6"" (39.64Cms) FHD WVA AG, Titan Grey - ICC-D585054WIN8, 1.8Kgs","3.7",,"₹","39300","https://www.amazon.in/dp/B0B2WS8XLT"
"Dell","Dell G5 Gaming Laptop 15.6"" Full HD, Intel Core i7-8750H, NVIDIA GeForce GTX 1050 Ti 4GB, 1TB HDD + 128GB SSD Storage, 8GB RAM, G5587-7139BLK-PUS","4.2",,"₹","74990","https://www.amazon.in/dp/B07GSJCG9Q"
"Dell","Dell Inspiron 3520 Metal Laptop, Intel i5-1235U, 8GB, 512GB SSD,MX550 (2GB GDDR6), 15.6"" (39.62Cms) FHD WVA AG 120Hz 250 nits, Win 11 + MSO'21, Backlit KB + FPR, Silver (D560880WIN9S, 1.65Kgs)","3.5",,"₹","70490","https://www.amazon.in/dp/B0BH4TFCS4"
"Dell","(Refurbished) DELL Latitude 5490 Core i5 7th Gen Laptop, 16 GB RAM, 1TB SSD, Intel HD Graphics, 14 inch (36.83 cms) HD Screen, Windows 11 (Upgraded), MS Office, Black, Slim","3.2",,"₹","29054","https://www.amazon.in/dp/B0BLVWY1BC"
"Dell","Dell Inspiron Business Laptop, 15.6 Inch FHD Touchscreen, 11th Gen Intel Core i5-1135G7, Windows 11 Pro, 16GB RAM, 1TB HDD, Numeric Keypad, Full-Size Keyboard, HDMI, Long Battery Life, Black","4.8",,"₹","120848","https://www.amazon.in/dp/B0C7BZDL6D"
"Dell","(Refurbished) Dell Latitude Laptop E3380 Touch Screen Intel Core i5 - 7200u Processor 7th Gen, 4 GB Ram & 512 GB SSD, 13.3 Inches (Ultra Slim) Notebook Computer",,,"₹","27992","https://www.amazon.in/dp/B0B63WBDR2"
"Dell","Dell Alienware X16 R1 Gaming, Intel Core i9-13900HK/32GB/1TB SSD/NVIDIA RTX 4080 12GB GDDR6/16.0"" (40.64Cms) QHD 240Hz/Alienware Cherry MX/Win 11+MSO'21/15 Month McAfee/Lunar Silver/2.72Kgs","1",,"₹","379990","https://www.amazon.in/dp/B0C2HWFT76"
"Dell","(Refurbished) Dell Latitude Laptop E3380 Touch Screen Intel Core i5 - 7200u Processor 7th Gen, 4 GB Ram & 1TB SSD, 13.3 Inches (Ultra Slim) Notebook Computer",,,"₹","31992","https://www.amazon.in/dp/B0B63VY69Q"
"Dell","2021 Newest Dell Inspiron 15 3000 3501 Laptop, 15.6"" Full HD 1080P Screen, 11th Gen Intel Core i5-1135G7 Quad-Core Processor, 16GB RAM, 256GB SSD + 1TB HDD, Webcam, HDMI, Wi-Fi, Windows 10 Home, Black","4.2",,"₹","91952","https://www.amazon.in/dp/B081FDK94Y"
"Dell","Dell New Inspiron i3583 15.6"" HD Touch-Screen Laptop - Intel i5-8265U - 8GB DDR4-256GB SSD - Windows 10 - Wireless-AC - Bluetooth, SD Card Reader, HDMI & USB 3.1 -Waves MaxxAudio Pro- Black","4.3",,"₹","96779","https://www.amazon.in/dp/B081721LTM"
"Dell","(Refurbished) Dell Latitude Laptop E3380 Touch Screen Intel Core i5 - 7200U Processor 7th Gen, 4 GB Ram & 256 GB SSD, 13.3 inches Ultra Slim Notebook Computer, Windows 10 Pro","1",,"₹","26992","https://www.amazon.in/dp/B0B63YDC3P"
"Dell","(Renewed) Dell Intel Core i5 6300HQ 15.6-Inch (39.62 cms) HD (1366 X 768) Pixels Laptop (16 GB/128 GB SSD/Windows 10 Pro/Intel integrated/Black/2.3 Kg), E5570-i5-16-128",,,"₹","39995","https://www.amazon.in/dp/B08GCZTVTB"
"Dell","(Refurbished) Dell Latitude Ultra Thin Laptop 3300 Intel Core i3 Mobile-7th Gen Processor , 4 GB Ram & 512 GB SSD, 13.3 Inches 1.58Kg Notebook Computer",,,"₹","19990","https://www.amazon.in/dp/B0CGRN21P8"
"Dell","(Renewed) Dell Latitude E6540-i5-16 GB SSD-512 GB SSD 15.6-inch Laptop (4th Gen Intel Core i5/16GB/512GB SSD/Windows 7/Integrated Graphics), Silver",,,"₹","21990","https://www.amazon.in/dp/B07Q4Q8FLF"
"Dell","(Refurbished) Dell Latitude Ultra Thin Laptop 3300 Intel Core i3 Mobile-7th Gen Processor , 16 GB Ram & 2TB SSD, 13.3 Inches 1.58Kg Notebook Computer",,,"₹","28990","https://www.amazon.in/dp/B0CGRKF383"
"Dell","Dell Inspiron 3535 Laptop, AMD 7 Series Ryzen5 R5-7520U/ 8GB LP DDR5/ 1TB SSD/ 15.6"" (39.62cm) FHD AG 120Hz 250 nits Display/Carbon Black/Win 11 + MSO'21/15 Month McAfee/ 1.63kg",,,"₹","46980","https://www.amazon.in/dp/B0CDBMHLGZ"
"Dell","(Refurbished) Dell Latitude Hybrid Laptop E6330 Intel Core i5 - 3380m @ 2.9Ghz Processor , 16 GB Ram & 128 GB SSD with 1TB Harddisk, 13.3 Inches Notebook Computer",,,"₹","33991","https://www.amazon.in/dp/B09YS5RD7L"
"Dell","Dell (Renewed) Latitude Laptop E7480 Intel Core I5-6200U Processor 6Th Gen,8 Gb Ram&128 Gb Ssd,14.1 Inches (Ultra Slim&Feather Light 1.37Kg) Notebook Computer,Windows 10 Pro",,,"₹","23290","https://www.amazon.in/dp/B09KH7TDV6"
"Dell","(Refurbished) DELL Latitude 3380 Core i5 7th Gen Laptop, 16 GB RAM, 512GB SSD, Intel HD Graphics, 13.3 inch HD Screen, Windows 11 (Upgraded), MS Office, Black, Slim","2.9",,"₹","24398","https://www.amazon.in/dp/B0BZ5228TJ"
"Dell","(Refurbished) DELL LATITUDE E7270 (Core i5 6th GEN/ 8GB/ 512GB SSD/ WEBCAM/ 12.5'' NO TOUCH/ WIN-10 PRO)","2.5",,"₹","19490","https://www.amazon.in/dp/B0BR15NQ8H"
"Dell","Dell 2023 Newest Inspiron 5425 Laptop, 14"" FHD+ Touchscreen, AMD Ryzen 7 5825U (Beats i7-12650H) Processor, 16GB RAM, 1TB SSD, Wi-Fi 6, Backlit Keyboard, Fingerprint, USB Type-A&C, Windows 11",,,"₹","131901","https://www.amazon.in/dp/B0CF5GGK29"
"Dell","DELL 2023 Inspiron 16 5635 Business Laptop FHD+ 16"" Display, AMD Ryzen 7 7730U Processor, 16GB LPDDR4x RAM, 1TB SSD, AMD Radeon Graphics, Backlit Keyboard, Type-C, Windows 11 Home, Platinum Silver",,,"₹","134220","https://www.amazon.in/dp/B0CJ5YBKFL"
"Dell","(Refurbished) Dell Latitude Laptop E3380 Touch Screen Intel Core i5 - 7200u Processor 7th Gen, 8 GB Ram & 1TB SSD, 13.3 Inches (Ultra Slim) Notebook Computer","3",,"₹","33992","https://www.amazon.in/dp/B0B63V5W4D"
"Dell","(Refurbished) DELL LATITUDE 7490 Lightweight (Core i7 8th GEN/ 16GB RAM/ 512GB SSD/ WEBCAM/ 14'' TOUCH/ WIN-10 PRO) 1 Year Warranty","2.9",,"₹","38500","https://www.amazon.in/dp/B0B7BKZZ23"
"Dell","Dell G16-7630 Gaming Laptop, Intel Core i7-13650HX Processor/ 16GB/ 1TB SSD/NVIDIA RTX 4060 8GB GDDR6/16 inch (40.64cm) QHD+ 165Hz/ Windows 11 + MSO'21/ McAfee 15 Month/Metallic Nightshade/ 2.87kg","1",,"₹","156799","https://www.amazon.in/dp/B0C4ZV1V9V"
"Dell","Dell New XPS 9520 Thin& Light Laptop, Intel i7-12700H, 16GB, 512GB SSD, NVIDIA RTX 3050 Ti (4GB GDDR6), 15.6"" UHD+ AR InfinityEdge Touch 500 nits, Backlit KB, Platinum Silver, 2.01Kgs (D560070WIN9S)","5",,"₹","235990","https://www.amazon.in/dp/B09XXNBCJ7"
"Dell","Dell Newest Inspiron 15 3000 Series 3511 Laptop, 15.6"" FHD Display, 11th Gen Intel Core i5-1135G7 Quad-Core Processor, 16GB RAM, 1TB SSD, HDMI, Webcam, Windows 10, Black (Latest Model)","3.7",,"₹","80000","https://www.amazon.in/dp/B09HL86WCG"
"Dell","Dell Vostro 3420 Laptop, Intel i3-1115G4, 8GB DDR4 & 512GB SSD,Win 11 + MSO'21,14.0"" FHD 250 nits, (1.48Kgs) MS116 1000Dpi USB Wired Optical Mouse, Led Tracking, Scrolling Wheel, Plug and Play",,,"₹","35758","https://www.amazon.in/dp/B0BFX7SW1H"
"Dell","(Renewed) DELL Latitude 6540-i7-4GB-120GB 15.6-inch Laptop (4th Gen Intel Core i7-4800MQ/4GB/Windows 7/Integrated Graphics), Silver",,,"₹","32895","https://www.amazon.in/dp/B07MTW48S6"
"Dell","(Refurbished) Dell Latitude Laptop 5490 Intel Core i5 7th Gen -Processor , 16 GB Ram & 128 GB SSD, 14 Inches FHD 1080p Screen Notebook Computer","3",,"₹","24623","https://www.amazon.in/dp/B0C9TFYD24"
"Dell","(Refurbished) DELL LATITUDE 5480 Lightweight (Core i5 6th GEN/ 8GB RAM/ 256GB SSD/ WEBCAM/ 14'' NO TOUCH/ WIN PRO)","2.5",,"₹","17480","https://www.amazon.in/dp/B0B53RWZWN"
"Dell","(Refurbished) Dell XPS 9315 Laptop, Intel i7-1250U, 16GB LPDDR5, 512Gb SSD, 13.4"" (34.03Cms) FHD+ AG Infinity Edge 500 nits, Backlit KB & FPR, Win 11 + MSO'21, Sky Color (ICC-C786506WIN8, 1.17Kgs)",,,"₹","112990","https://www.amazon.in/dp/B0C8N5JG11"
"Dell","Dell Inspiron 3000 Business Laptop, 15.6 HD Display, Intel Pentium Silver N5030 Processor, Windows 11 Pro, 16GB RAM, 1TB HDD, WiFi, HDMI, Webcam, Bluetooth, SD-Card Slot","4",,"₹","88479","https://www.amazon.in/dp/B09TSMV3XG"
"Dell","Dell New Vostro 3400 Laptop, Intel I5-1135G7, Windows 11 + Office'21, 8Gb Gddr4, 512Gb Ssd, 14 Inches (35.56Cms) Fhd Ag, Accent Black (D552256Win9B, 1.59Kgs)","3.7",,"₹","48000","https://www.amazon.in/dp/B09TNXYK56"
"Dell","Dell (Renewed) Latitude E6330-i5-4 GB-2 TB 13-inch Laptop (3rd Gen Core i5/4GB/2TB/Windows 7/Integrated Graphics), Greyish Silver",,,"₹","29292","https://www.amazon.in/dp/B07LB4VT8F"
"Dell","(Refurbished) Dell Latitude Ultra Thin Laptop 3300 Intel Core i3 Mobile-7th Gen Processor , 32 GB Ram & 512 GB SSD, 13.3 Inches 1.58Kg Notebook Computer",,,"₹","26990","https://www.amazon.in/dp/B0CGRL5C5Q"
"Dell","(Refurbished) Dell Latitude Hybrid Laptop E6330 Intel Core i5 - 3380m @ 2.9Ghz Processor , 8 GB Ram & 256 GB SSD with 1TB Harddisk, 13.3 Inches Notebook Computer",,,"₹","28991","https://www.amazon.in/dp/B09YS4L1RV"
"Dell","(Refurbished) DELL Vostro 3400 Core i3 11th gen Laptop, 8 GB RAM, 256GB SSD, Intel HD Graphics, 14 inch",,,"₹","24999","https://www.amazon.in/dp/B0BZ54G5H5"
"Dell","(Refurbished) Dell Latitude Laptop 7470 Intel Core i5 - 6300u Processor 6th Gen, 32 GB Ram & 512 GB SSD, 14.1 Inches (Ultra Slim & Feather Light 1.59KG) Notebook Computer","3",,"₹","24297","https://www.amazon.in/dp/B0CDQ4LMTM"
"Dell","(Refurbished) Dell Vostro 3400 14 inches FHD Display Laptop (i5-1135G7 / 8GB / 512GB SSD / Nvidia 2GB MX",,,"₹","49980","https://www.amazon.in/dp/B09FK6VB9B"
"Dell","Dell (Renewed) Latitude E6330-i5-8 GB-2 TB 13-inch Laptop (3rd Gen Core i5/8GB/2TB/Windows 7/Integrated Graphics), Greyish Silver",,,"₹","32292","https://www.amazon.in/dp/B07LBFGD4D"
"Dell","(Refurbished) Dell Latitude 7410 14"" Notebook - Full HD - 1920 x 1080 - Core i7 i7-10610U 10th Gen 1.8GHz Hexa-core (6 Core) - 16GB RAM - 512GB SSD","3",,"₹","58000","https://www.amazon.in/dp/B08LNT7MVB"
"Dell","(Refurbished) Dell Vostro 3510 Laptop, Intel Core i5-1135G7/ 8GB/ 512GB/ 15.6"" (39.62Cms) FHD WVA AG/Backlit KB + FPR/Win 11+ MSO'21/15 Month McAfee/Titan Grey/ 1.69Kgs",,,"₹","39941.5","https://www.amazon.in/dp/B0C6XF5RY1"
"Dell","Dell Latitude 3420, 14 inch HD Non Touch Laptop - Intel Core i5-1135G7, 8GB DDR4 RAM, 500GB 7200 RPM SATA HD, Intel Iris Xe Graphics, Windows Pro - Black (Latest Model)","5",,"₹","66975","https://www.amazon.in/dp/B094YYVH7H"
"Dell","Dell New Inspiron 3511 Laptop,11th Gen Intel Core I3-1115G4, Windows 11 + MSO'21, 8Gb, 512Gb SSD, 15.6"" (39.62Cms) FHD WVA Ag, Platinum Silver (D560749Win9S, 1.8Kgs)","3.6",,"₹","38999","https://www.amazon.in/dp/B09TNZCPJY"
"Dell","(Refurbished) Dell Latitude Laptop E6420 Intel Core i5 - 2520m @ 2.5Ghz Processor , 4 GB Ram & 256 GB SSD, 14 Inches Notebook Computer","3.3",,"₹","15290","https://www.amazon.in/dp/B0BGKPKGV5"
"Dell","Dell 15 Inspiron 3511 (2021) Intel i3-1115G4 Windows 10 + MS Office 15.6 inches FHD Display Laptop, 8GB DDR4, 512GB SSD Integrated Graphics Backlit KB D560576WIN9S-Platinum Silver, 1.8Kg","3.3",,"₹","41000","https://www.amazon.in/dp/B09JZR85MV"
"Dell","(Refurbished) Dell Latitude Laptop 7480 Intel Core i5 - 6300u Processor 6th Gen, 16 GB Ram & 512 GB SSD, 14.1 Inches (Ultra Slim & Feather Light 1.48KG) Notebook Computer","2",,"₹","23511","https://www.amazon.in/dp/B0CDQ5K2ST"
"Dell","(Refurbished) Dell Latitude Ultra Thin Laptop 3300 Intel Core i3 Mobile-7th Gen Processor , 32 GB Ram & 128 GB SSD, 13.3 Inches 1.58Kg Notebook Computer",,,"₹","25990","https://www.amazon.in/dp/B0CGRLX4NT"
"Dell","Dell 2023 Newest Inspiron 15 Laptop, 15.6 Inch Touch-Screen Display, Intel Core i7-1255U Processor, 16GB RAM, 512GB SSD, Intel Iris Xe Graphics, Bluetooth, Webcam, Windows 11 Home, Black","1",,"₹","137281","https://www.amazon.in/dp/B0C4DX85D2"
"Dell","Dell Vostro 3510 Laptop, Intel Core i3-1115G4, 8GB 1TB + 256GB SSD, 15.6"" (39.62Cms) FHD WVA AG, Win 11 + MSO'21, 15 Month McAfee, Dark Silver, 1.69kg","1",,,,"https://www.amazon.in/dp/B0BQJ9QT6M"
"Dell","Dell Inspiron 3000 3520 15.6"" FHD 120Hz (Intel 10-Core i7-1255U, 32GB RAM, 1TB PCIe SSD, Iris Xe Graphics) Business Laptop, Anti-Glare, Backlit KB, Webcam, Wi-Fi 6, Win 11 Pro -2023","5",,"₹","121001","https://www.amazon.in/dp/B0C1TW996K"
"Dell","Dell - Inspiron 3511 15.6"" Touch Laptop Intel Core i5 8GB Memory 256GB Solid State Drive Black","4.3",,"₹","79656","https://www.amazon.in/dp/B09ZGKLXF8"
"Dell","(Refurbished) Dell Latitude Laptop 5400 Intel Core i5 Mobile-8th Gen -Processor , 4 GB Ram & 256 GB SSD, 14 Inches FHD 1080p Screen Notebook Computer",,,"₹","29290","https://www.amazon.in/dp/B0CGRL9CCR"
"Dell","Dell (Renewed) Latitude E6330-i5-8 GB-500 GB 13-inch Laptop (3rd Gen Core i5/8GB/500GB/Windows 7/Integrated Graphics), Greyish Silver",,,"₹","29291","https://www.amazon.in/dp/B07LBG13FZ"
"Dell","Dell Vostro 3510 15.6"" Business Laptop Computer, Intel Quad-Core i5-1135G7 up to 4.2GHz (Beat i7-1065G7), 8GB DDR4 RAM, 512GB PCIe SSD, 802.11AC WiFi, Bluetooth, Carbon Black, Windows 11 Pro","4.1",,"₹","104500","https://www.amazon.in/dp/B0C4NL3W3N"
"Dell","Dell (Renewed) Latitude E6330-i5-4 GB-240 GB 13-inch Laptop (3rd Gen Core i5/4GB//Windows 7/Integrated Graphics), Greyish Silver",,,"₹","27492","https://www.amazon.in/dp/B07LB4J96L"
"Dell","(Refurbished) Dell Latitude Ultra Thin Laptop 3300 Intel Core i3 Mobile-7th Gen Processor , 16 GB Ram & 128 GB SSD, 13.3 Inches 1.58Kg Notebook Computer",,,"₹","19990","https://www.amazon.in/dp/B0CGRLJLR4"
"Dell","(Refurbished) Dell Latitude E7250 5th Gen Intel Core i5 Thin & Light HD Laptop (8 GB RAM/256 GB SSD/12.5"" (31.8 cm) HD/Windows 10/MS Office/WiFi/Bluetooth 4.1/Webcam/Integrated Graphics)","3.8",,"₹","23900","https://www.amazon.in/dp/B0BWS7W9TV"
"Dell","(Refurbished) Dell Latitude Ultra Thin Laptop 3300 Intel Core i3 Mobile-7th Gen Processor , 16 GB Ram & 1TB SSD, 13.3 Inches 1.58Kg Notebook Computer",,,"₹","23990","https://www.amazon.in/dp/B0CGRKSJKJ"
"Dell","(Refurbished) Dell Latitude 7480 14"" Touchscreen Laptop, Intel Core i7 7600U 2.8Ghz, 8GB DDR4, 512GB M.2 SSD, QHD 1440p, Thunderbolt 3 USB C, HDMI, Webcam, Windows 10 Pro x64","2.3",,"₹","34500","https://www.amazon.in/dp/B0815ZLVV2"
"Dell","Dell (Renewed) Latitude E6330-i5-8 GB-120 GB 13-inch Laptop (3rd Gen Core i5/8GB//Windows 7/Integrated Graphics), Greyish Silver",,,"₹","29691","https://www.amazon.in/dp/B07LB7QR1J"
"Dell","(Refurbished) Dell New Inspiron 3515 Laptop, AMD Ryzen 5-3450U, Windows 11 + MSO'21, 8GB GDDR4, 512GB SSD, Vega Graphics, 15.6 "" 39.62 cm FHD AG, Carbon Black - D560790WIN9BE, 1.8Kgs","4.5",,"₹","36540","https://www.amazon.in/dp/B0B11SX7FM"
"Dell","Dell Inspiron 7420 2in1 Laptop, Intel Core i7-1255U Processor/16GB/512GB/14.0"" (35.56cm) FHD+ WVA Touch 250 nits, Active Pen/Win 11 + MSO'21, 15 Month McAfee/Backlit KB + FPR/Platinum Silver","4",,"₹","94990","https://www.amazon.in/dp/B0C9F142V6"
"Dell","(Refurbished) Dell Latitude Laptop Windows 10 Pro E7470 Intel Core i5 - 6300u Processor, 8 GB Ram & 256 GB SSD, 14.1 inches Screen (Ultra Slim & Light 1.58KG) Notebook Computer","3.2",,"₹","23990","https://www.amazon.in/dp/B08XWHT6MF"
"Dell","Dell Inspiron 3525 Laptop (2022) | 15.6"" FHD | Core Ryzen 7-512GB SSD - 16GB RAM | 8 Cores @ 4.5 GHz Win 11 Home","5",,"₹","137193","https://www.amazon.in/dp/B0BHN6HTXN"
"Dell","(Refurbished) Dell Intel Core i5-4th Gen 14 Inch(35.56 cms) 1366x768 HD Laptop (8GB RAM/500GB HDD/Window","2.7",,"₹","18790","https://www.amazon.in/dp/B099YN8SJ3"
"Dell","Dell Inspiron 3530 13th Gen Laptop, Intel Core i3-1305U/8GB/512GB SSD/15.6"" (39.62cm) 120Hz Refresh Rate on a FHD IPS Display Comfortview/Win 11+MSO'21+McAfee 15 Month/Carbon Black/1.62kg","3",,"₹","50499","https://www.amazon.in/dp/B0C4ZM63RP"
"Dell","(Refurbished) Dell Latitude Laptop 5490 Intel Core i5 7th Gen -Processor , 32 GB Ram & 128 GB SSD, 14 Inches FHD 1080p Screen Notebook Computer",,,"₹","24296","https://www.amazon.in/dp/B0C9TGBVCW"
"Dell","Dell 2021 Newest Latitude 3520 15 15.6"" FHD Business Laptop, Intel Quad-Core i5-1135G7 up to 4.2GHz (Beat i7-1065G7), 16GB DDR4 RAM, 512GB PCIe SSD, WiFi 6, Bluetooth 5.2, Type-C, Windows 10 Pro","4",,"₹","125000","https://www.amazon.in/dp/B07XKZRGCT"
"Dell","Dell Latitude 7420 Laptop - 14"" FHD - 3.0 GHz Intel Core i7-1185G7 Quad-Core - 16GB of DDR4 RAM - 512GB SSD - Iris XE - Windows 11 pro","4.8",,"₹","118499","https://www.amazon.in/dp/B095KYG94C"
"Dell","Dell 2023 Newest Inspiron 14 5425 Laptop, 14"" FHD+ Display, AMD Ryzen 7 5825U (up to 4.5GHz, 8 cores), 16GB DDR4 RAM, 512GB SSD, AMD Radeon Graphics, Wi-Fi 6, Bluetooth, Windows 11 Pro",,,"₹","115916","https://www.amazon.in/dp/B0CJ2WCN5G"
"Dell","(Refurbished) Dell Vostro 3420 Metal Laptop, Intel Core i5-1235U, 16GB & 512GB SSD, 14.0"" (35.56Cms) FHD",,,"₹","51416.5","https://www.amazon.in/dp/B0BZVDZQ94"
"Dell","Dell (Renewed) Latitude E6330-i5-16 GB-2 TB 13-inch Laptop (3rd Gen Core i5/16GB/2TB/Windows 7/Integrated Graphics), Greyish Silver",,,"₹","38291","https://www.amazon.in/dp/B07LBGC69V"
"Dell","(Refurbished) Dell Latitude Hybrid Laptop E6330 Intel Core i5 - 3380m @ 2.9Ghz Processor , 8 GB Ram & 256 GB SSD with 500GB Harddisk, 13.3 Inches Notebook Computer",,,"₹","26991","https://www.amazon.in/dp/B09YS5KPPP"
"Dell","(Refurbished) Dell Vostro 3420 Laptop, Intel i3-1115G4, 8GB DDR4 & 256GB SSD, Win 11 + MSO'21, 14.0"", 35","2.8",,"₹","25399","https://www.amazon.in/dp/B0BDCQS6FW"
"Dell","Dell 2022 Inspiron 3000 I3515 15.6″ HD Laptop AMD Quad-Core Ryzen 5 3450U 20GB DDR4 512GB NVMe SSD Radeon Vega 8 Graphics HDMI Webcam WiFi AC BT Card Reader Black Windows 10 Pro","4",,"₹","127356","https://www.amazon.in/dp/B0C2MN1GL8"
"Dell","Dell 2022 Newest Inspiron 15 3511 Laptop, 15.6"" FHD Touchscreen, Intel Core i5-1035G1, 16GB RAM, 1TB PCIe NVMe M.2 SSD, SD Card Reader, Webcam, HDMI, WiFi, Windows 11 Home, Black","4.3",,"₹","96102","https://www.amazon.in/dp/B09Z37QYFB"
"Dell","(Refurbished) Dell Vostro 3400 14"" FHD AG Display Laptop (i5-1135G7 / 8GB / 512 SSD / Integrated Graphics / 1 Yr NBD / Win 10 + Office H&S/ Dune) D552157WIN9DE""_VOSTRO 3401",,,"₹","43475","https://www.amazon.in/dp/B08VR9N1Y4"
"Dell","(Refurbished) Dell Latitude Hybrid Laptop E6330 Intel Core i5 - 3380m @ 2.9Ghz Processor , 16 GB Ram & 256 GB SSD with 1TB Harddisk, 13.3 Inches Notebook Computer",,,"₹","34991","https://www.amazon.in/dp/B09YS3JBHD"
"Dell","(Renewed) Dell Latitude E6540-i5-4 GB SSD-120 GB SSD 15.6-inch Laptop (4th Gen Intel Core i5/4GB/120GB SSD/Windows 7/Integrated Graphics), Silver",,,"₹","34791","https://www.amazon.in/dp/B07Q4Q84LD"
"Dell","(Refurbished) Dell LATITUDE 5300 (Core i7 8th GEN/ 16GB/ 512GB SSD/ WEBCAM/ 13.3'' TOUCH / WIN-10 PRO) 1 Year Warranty",,,"₹","31000","https://www.amazon.in/dp/B0BS11BLWG"
"Dell","(Refurbished) Dell Vostro 5620 Laptop, i5-1240P, 8GB DDR4, 512GB SSD, Integrated, 16 "" (40.64Cms) FHD+ WV",,,"₹","63800","https://www.amazon.in/dp/B0BSLGGNC5"
"Dell","(Refurbished) Dell Latitude E7270 6th Gen Intel Core i7 Thin & Light FHD Laptop (8 GB DDR4 RAM/128 GB SSD/12.5"" (31.8 cm) FHD/Windows 11/MS Office/WiFi/Bluetooth/Webcam/Integrated Graphics)","1.5",,"₹","22690","https://www.amazon.in/dp/B0BVZBDR9T"
"Dell","(Refurbished) Dell Intel DELL LATITUDE 7490 Windows 10 Pro - CORE i7 8TH GEN/8GB/512GB SSD/WEBCAM/14'' TOUCH/WIN-10 PRO","2.7",,"₹","32500","https://www.amazon.in/dp/B0B1VQ1ZH6"
"Dell","Dell Latitude 7420 14.0"" FHD WVA Laptop (Intel i5-1145G7 4-Core, 16GB RAM, 1TB PCIe SSD, Intel Iris Xe, Backlit KB, 2 Thunderbolt 4, WiFi 6, Bluetooth 5.2, Webcam, Win 10 Pro)",,,"₹","110000","https://www.amazon.in/dp/B0BYKCXF9S"
"Dell","Dell Latitude 5430 Laptop - 14"" HD (1366 x 768) AG Display - Intel Core i5-1235U 10-Core (12th Gen) - 512GB SSD - 16GB - Win11/Win10 Pro","5",,"₹","128900","https://www.amazon.in/dp/B09CRMSHD9"
"Dell","Dell XPS 9500 15.6 inches FHD Laptop (10th Gen Intel Core i7-10750H/16GB/512GB SSD/Windows 10 Home Plus & MS Office/4GB NVIDIA1650 Ti Graphics), Silver, 1.83kg","3.8",,"₹","139990","https://www.amazon.in/dp/B08BZP7WGB"
"Dell","Dell G15-5520 Gaming Laptop, i9, 16GB DDR5, 1TB SSD, NVIDIA GEFORCE RTX 3060 (6GB GDDR6), 15.6"" FHD WVA AG, 165Hz 300 nits, Win 11 + Alienware Tri-Mode Wired/Wireless Gaming Mouse|AW720M-Dark",,,"₹","142536","https://www.amazon.in/dp/B0BZPDXWLZ"
"Dell","(Renewed) Dell Intel Core i5 12.5-Inch (31.75 cms) Full HD (1920 X 1080) Pixels Ultra Light Laptop (4 GB/256 GB SSD/Windows 10 Pro/1.26 Kg), E7270-i5-4-256","2.8",,"₹","20190","https://www.amazon.in/dp/B08XWLJXFX"
"Dell","(Refurbished) Dell Windows 10 Pro Latitude Laptop E3380 Touch Screen Intel Core i5 - 7200U Processor 7th","4",,"₹","25992","https://www.amazon.in/dp/B0B63TMSJP"
"Dell","(Renewed) Dell Latitude Intel Core i5 14-Inch (35.56 cms) 1366x768 Laptop (8 GB/512 GB/Windows 7/Intel Integrated Graphics/Grey/2.40 Kg), E6410-i5-8 GB-512 GB","1",,"₹","17196","https://www.amazon.in/dp/B07LBDZ87B"
"Dell","Dell Inspiron 3520 Laptop, Intel Core i5-1235U/ 8GB/ 1TB HDD + 256GB SSD/ 15.6"" (39.62Cms) FHD WVA AG 120Hz 250 nits/Win 11 + MSO'21 (D560886WIN9S, Platinum Silver)",,,"₹","60500","https://www.amazon.in/dp/B0C1Z92VM5"
"Dell","(Refurbished) Dell Inspiron 3511 Laptop, Intel Core i3-1115G4, 8GB DDR4, 1TB HDD + 256GB SSD, 15.6"" (39.62Cms) FHD WVA AG, Win 11 + MSO'21, Platinum Silver (D560841WIN9S, 1.8Kgs)",,,"₹","41250","https://www.amazon.in/dp/B0C7P8STZZ"
"Dell","Dell (Renewed) Latitude E6440-i5-16 GB-500 GB 14-inch Laptop (4th Gen Core i5/16GB/500GB/Windows 10/Integrated Graphics), Silver","5",,"₹","36492","https://www.amazon.in/dp/B07LBCX9TL"
"Dell","Dell (Renewed) Latitude 6540-i7-4GB-320GB 15.6-inch Laptop (4th Gen Intel Core i7-4800MQ/4GB/320GB/Windows 7/Integrated Graphics), Silver",,,"₹","31695","https://www.amazon.in/dp/B07MTN9ZL8"
"Dell","(Refurbished) Dell Inspiron 5320 Laptop, Intel Core i5-1240P, 16GB, 512GB, 13.3"" (33.78CMS) QHD+ WVA AG",,,"₹","63276","https://www.amazon.in/dp/B0C5J514X3"
"Dell","Dell 14 (2021) Intel i7-1195G7 2in1 14 inches FHD Touch Screen Laptop (16GB, 512Gb SSD, Windows 11 + MSO'21, Platinum Silver Color, FPR + Backlit KB & Active Pen, Inspiron 5410, D560629WIN9S, 1.5Kg)","3.6",,"₹","106499","https://www.amazon.in/dp/B09NLSSGQT"
"Dell","(Refurbished) Dell Latitude 5400 Notebook (Intel Core i7-8250U/ 16 GB Ram- 256 GB SSD 14"" FHD/ Win 10 pro)","2.7",,"₹","29999","https://www.amazon.in/dp/B0C7BYJWCB"
"Dell","Dell Vostro 5620 Laptop, Windows 11 Intel i5-1240P, 8GB DDR4 & 512GB SSD, Win 11 + MSO'21, 16.0"" (40.64Cms) FHD+ WVA AG 60 Hz 250 nits, Titan Grey - D552272WIN9SE, 1.91Kgs","3.8",,"₹","68990","https://www.amazon.in/dp/B0B46D4SRK"
"Dell","Dell (Renewed) Latitude E6330-i5-8 GB-320 GB 13-inch Laptop (3rd Gen Core i5/8GB/320GB/Windows 7/Integrated Graphics), Greyish Silver","5",,"₹","28691","https://www.amazon.in/dp/B07LB4VT8H"
"Dell","(Refurbished) Dell Latitude Laptop 7470 Intel Core i5 - 6300u Processor 6th Gen, 64 GB Ram & 128 GB SSD, 14.1 Inches (Ultra Slim & Feather Light 1.59KG) Notebook Computer",,,"₹","28790","https://www.amazon.in/dp/B0CDQ7V11Y"
"Dell","Dell (Renewed) Latitude E6330-i5-16 GB-512 GB 13-inches Laptop Intel 3rd Gen Core i5/16GB//Windows 7/Integrated Graphics, Greyish Silver",,,"₹","29992","https://www.amazon.in/dp/B07LB4RM3K"
"Dell","(Refurbished) Dell Latitude Laptop 5400 Intel Core i5 Mobile-8th Gen -Processor , 32 GB Ram & 1TB SSD, 14 Inches FHD 1080p Screen Notebook Computer",,,,,"https://www.amazon.in/dp/B0CGRML3T8"
"Dell","(Refurbished) Dell Inspiron 7415 14"" FHD (35.56 cms) Touch Display 2in1 Laptop (Ryzen 5 5500U / 8GB / 512GB SSD / Integrated Graphics / Win 10 + MS Office / Backlit KB + FPR + Active Pen /Pebble Metal) D560470WIN9P","5",,"₹","59490","https://www.amazon.in/dp/B09C2TW8T5"
"Dell","Dell 15 (2021) Intel I3-1115G4, Windows 10 + Ms Office, 39.62Cm Fhd Display 8Gb Ddr4, 1Tb Hdd + 256Gb Ssd, Integrated Graphics, Platinum Silver,Backlit Kb, D560570Win9S, Inspiron 3511","3.3",,"₹","44000","https://www.amazon.in/dp/B09JZQRDTK"
"Dell","(Renewed) Dell Latitude Intel 4th Gen Core i5 15.6-Inch (39.62 cms) 1366x768 Laptop (8 GB/1 TB/Windows 7/Intel Integrated Graphics/Silver/2 kg), E6540-i5-8 GB-1 TB","2",,"₹","39292","https://www.amazon.in/dp/B07Q5TMLGS"
"Dell","Dell XPS 9305 Intel i7-1165G7 13.3 inches FHD Display Thin and Light Laptop (16GB / 512GB SSD/Integrated Graphics/Windows 10 + MSO/Backlit KB + FPR/Silver Color) D560050WIN9S, 1.23Kg","5",,"₹","129699","https://www.amazon.in/dp/B095S85DZW"
"Dell","(Refurbished) Dell Inspiron 3501 15.6-inch FHD Laptop (11th Gen Core i5-1135G7/8GB/1TB HDD/Windows 10 + MS Office 2019), Soft Mint",,,"₹","45000","https://www.amazon.in/dp/B099PS2LT9"
"Dell","Dell Latitude 5320 Laptop - 13.3"" FHD Display - 2.4 GHz Intel Core i5 4-Core (11th Gen) - 256GB SSD - 8GB - Iris Xe Graphics - Windows 10 pro",,,"₹","89999","https://www.amazon.in/dp/B095P99MGS"
"Dell","(Refurbished) Dell Latitude Laptop 5400 Intel Core i5 Mobile-8th Gen -Processor , 64 GB Ram & 128 GB SSD, 14 Inches FHD 1080p Screen Notebook Computer",,,"₹","40990","https://www.amazon.in/dp/B0CGRLVZZ9"
"Dell","(Refurbished) Dell Vostro 3420 Laptop, Intel i5-1135G7, 8GB DDR4 & 512GB SSD, Win 11 + MSO'21, 14.0"" (35",,,"₹","39865","https://www.amazon.in/dp/B0B88FCMQ3"
"Dell","(Refurbished) Dell Precision 5560 Laptop - 15.6 inch UltraSharp FHD AG - 2.3 GHz Intel Core i7 8-Core (1",,,"₹","98000","https://www.amazon.in/dp/B09P6R451L"
"Dell","(Refurbished) Dell New Inspiron 3511 Laptop, Intel I5-1135G7, Windows 11 + Office'21, 8Gb Gddr4, 512Gb S",,,,,"https://www.amazon.in/dp/B0B5PSK1Y4"
"Dell","Dell Inspiron 5620 16"" FHD (1920x1080) Laptop (2023 New) ~ Intel 10-Core i5-1235U Processor ~ Fingerprint ~ WiFi 6E ~ USB-C ~ 16GB DDR4 Memery ~ 512GB SSD Storage ~ Win11 Home ~ WWC 32GB USB",,,,,"https://www.amazon.in/dp/B0C6WZP8PL"
"Dell","Dell Inspiron 7400 Intel Ci5-1135G7 14.5 inches QHD+ IPS AG Display Laptop (16GB 4267MHz / 512GB SSD/Nvidia MX350 Graphics/Windows 10 + MSO/Backlit KB with FPR/Silver, 1.35Kg) D560448WIN9S","4.2",,,,"https://www.amazon.in/dp/B095S8LS63"
"Dell","(Refurbished) Dell Latitude Laptop 5490 Intel Core i5 7th Gen -Processor , 8 GB Ram & 1TB SSD, 14 Inches FHD 1080p Screen Notebook Computer",,,"₹","27991","https://www.amazon.in/dp/B0C9TFJQ79"
"Dell","Dell 2023 Newest Inspiron 14 Laptop, 14"" FHD(1920 x 1200) Display, AMD Ryzen 7 5825U Processor(8-core), 32GB RAM, 1TB SSD, AMD Radeon Graphics, Wi-Fi 6, Bluetooth, Window 11 Pro, Pebble Green","5",,"₹","137281","https://www.amazon.in/dp/B0C6KCKHPJ"
"Dell","Dell Inspiron 3515 Laptop, AMD R3-3250U, 8GB, 512GB SSD, 15.6"" (39.62Cms) FHD WVA AG, Win 11 + Office'21, Backlit KB, Mist Blue Speckle, 1.8Kgs (D560794WIN9BD)",,,,,"https://www.amazon.in/dp/B0B5H6SN1Y"
"Dell","Dell (Renewed) Inspiron 7490 14-Inch Laptop (10Th Gen Core I5-10210U/8Gb/512Gb Ssd/Window 10 + Microsoft Office/Nvidia 2Gb Mx250 Graphics),Silver,Windows 10,Intel","3.5",,"₹","41490","https://www.amazon.in/dp/B08CNQ15X4"
"Dell","(Renewed) Dell Intel Core i5 12.5-Inch (31.75 cms) Full HD (1920 X 1080) Pixels Ultra Light Laptop (4 GB/128 GB SSD/Windows 10 Pro/1.26 Kg), E7270-i5-4-128","3.5",,"₹","19490","https://www.amazon.in/dp/B08XWMQ3M6"
"Dell","(Refurbished) Dell New Vostro 3405 Laptop AMD Ryzen 3-3250U, 8GB DDR4, 512GB SSD, Win 11 + MS Office'21,","3.7",,"₹","31290","https://www.amazon.in/dp/B09TL735R2"
"Dell","(Refurbished) Dell Latitude Laptop 5490 Intel Core i5 7th Gen -Processor , 64 GB Ram & 256 GB SSD, 14 Inches FHD 1080p Screen Notebook Computer",,,"₹","34990","https://www.amazon.in/dp/B0C9TFCCJF"
"Dell","(Renewed) Dell Latitude Intel 4th Gen Core i5 14-Inch (35.56 cms) 1366x768 Laptop (16 GB/2 TB/Windows 10/Intel Integrated Graphics/Silver/2.40 Kg), E6440-i5-16 GB-2 TB",,,"₹","42548","https://www.amazon.in/dp/B07LB4VT66"
"Dell","(Refurbished) Dell Latitude E7470, Intel Core i5 6th Gen/8gb/256gb Ssd/webcam/14''/Windows 10 Pro","2.5",,"₹","24300","https://www.amazon.in/dp/B0B82PPTBD"
"Dell","(Refurbished) Dell Latitude Laptop E3380 Touch Screen Intel Core i5 - 7200u Processor 7th Gen, 16 GB Ram & 1TB SSD, 13.3 Inches (Ultra Slim) Notebook Computer",,,"₹","39992","https://www.amazon.in/dp/B0B63V4S11"
"Dell","(Refurbished) Dell Alienware x14 Gaming Laptop, Intel i5-12500H, 14"" (35.5cm) FHD 144Hz 400nits GSYNC + Advanced Optimus, 16GB DDR5, 512GB SSD, Nvidia RTX 3050 4GB, Dolby Atmos, Lunar Light (1.84 kgs) D569937WIN9",,,"₹","131740","https://www.amazon.in/dp/B0CGRH92CR"
"Dell","Dell (Renewed) Latitude Laptop E7470 Intel Core I5-6300U Processor,32 Gb Ram&256 Gb Ssd,14.1 Inches Screen (Ultra Slim&Light 1.58Kg) Notebook Computer,Windows 10 Pro","2.5",,"₹","25890","https://www.amazon.in/dp/B08XWCB2QP"
"Dell","(Renewed) Dell Latitude Intel 4th Gen Core i5 14-Inch (35.56 cms) 1366x768 Laptop (16 GB/240 GB/Windows 10/Intel Integrated Graphics/Silver/2.40 Kg), E6440-i5-16 GB-240 GB",,,"₹","29590","https://www.amazon.in/dp/B07LBD6S6L"
"Dell","Dell Alienware m16 Gaming Laptop, AMD Ryzen 7-7745HX/16GB DDR5/1TB SSD/16 (40.64cm) QHD+ 165Hz, 3ms, 100% sRGB/NVIDIA RTX 4060, 8 GB GDDR6/Win 11 + MSO'21/15 Month McAfee/Dark Metallic Moon/3.23kg",,,"₹","199990","https://www.amazon.in/dp/B0C917XSCQ"
"Dell","(Refurbished) Dell Inspiron 5425 Laptop, AMD Ryzen R7-5825U/16GB DDR4/512GB SSD/14.0"" (35.56cm) FHD+ WVA AG 250 nits with Comfortview/Backlit KB/Win 11 + MSO'21 + 15 Month McAfee/Platinum Silver/1.54kg",,,"₹","57791","https://www.amazon.in/dp/B0CHKSH6LF"
"Dell","Dell 2023 Inspiron 5620 16” FHD+ WVA Narrow Border Laptop PC Intel 12th 10-Core i5-1235U 16GB DDR4 512GB NVMe SSD Intel Iris Xe Graphics WiFi AX HDMI USB-C Backlit KB Fingerprint Windows 11 Home",,,"₹","150565","https://www.amazon.in/dp/B0CD6DH6W6"
"Dell","(Renewed) Dell Latitude E6540-i5-16 GB-500 GB 15.6-inch Laptop (4th Gen Core i5/16GB/500GB/Windows 7/Integrated Graphics), Silver",,,"₹","44842","https://www.amazon.in/dp/B07Q6YY7S2"
"Dell","Dell Newest Inspiron 3510 Laptop, 15.6"" HD Display, Intel Celeron N4020 Processor, Webcam, WiFi, HDMI, Bluetooth, Black (16GB RAM | 1TB PCIe SSD)","4.4",,"₹","80179","https://www.amazon.in/dp/B08HY85TX5"
"Dell","DELL 2023 Inspiron 15 3000 Business Laptop, 15.6"" FHD Display, 12th Gen Intel Core i7-1255U,Windows 11 Pro, 16GB DDR4 RAM, 512GB SSD, WiFi 6, Long Battery Life",,,"₹","122130","https://www.amazon.in/dp/B0CJ6LM81F"
"Dell","Dell 2023 Inspiron 14 Business Laptop, 14"" FHD+ Display, AMD Ryzen7 5825U, 32GB RAM, 1TB PCIe SSD, Fingerprint Reader, Backlit Keyboard, USB-C, HDMI, Bluetooth, WiFi 6, Windows 11 Pro, Silver",,,"₹","145818","https://www.amazon.in/dp/B0C7NCZC1Y"
"Dell","Dell 2023 Inspiron 15 Business Laptop, 15.6"" FHD Display, Intel 10-Core i7-1255U, Windows 11 Pro, Backlit Keyboard, 32GB DDR4, 1TB PCIe SSD, WiFi 6, Bluetooth, Webcam, SD Card Reader, 5.5 hrs Battery",,,"₹","154034","https://www.amazon.in/dp/B0CFD3NFHG"
"Dell","Dell Vostro Windows 11 5625 Laptop, AMD Ryzen 5-5625U, 8GB DDR4 & 512GB SSD, Win 11 + MSO'21, 16.0"", 40.64Cms, FHD+ WVA AG 60 Hz 250 nits, Titan Grey -D552296WIN9SE, 1.91Kgs","3.4",,"₹","55990","https://www.amazon.in/dp/B0B46B1T9R"
"Dell","(Refurbished) Dell LATITUDE E5470 14-inch Laptop (Core i5 6th Gen/16GB (Upgradable to 32)/1TB HDD/Windows 10 Pro/MS Office 2019/More than 4 GB Intel HD Graphics,Backlit Keyboard), Black","3.4",,"₹","28000","https://www.amazon.in/dp/B08TX33R69"
"Dell","Dell Latitude 7000 7340 13.3"" Touchscreen Notebook - Full HD Plus - 1920 x 1200 - Intel Core i7 13th Gen i7-1365U Deca-core (10 Core) 1.30 GHz - 16 GB Total RAM - 16 GB On-Board Memory - River",,,"₹","279990","https://www.amazon.in/dp/B0BBFKQCZ6"
"Dell","Dell 2023 Inspiron 15 3000 Business Laptop, 15.6 HD Display, Intel Pentium N5030 Quad-Core Processor, up to 3.10 GHz, 16GB DDR4 RAM,1TB PCIe SSD,HD Webcam,SD Card Reader,HDMI,Wifi,Windows 11 Pro,Black","4.8",,"₹","96779","https://www.amazon.in/dp/B0BXNG7YPH"
"Dell","Dell Inspiron 15 3567 15.6"" Laptop Computer - Grey Intel Core i3-7130U Processor 2.7GHz; 8GB DDR4-2400 RAM; 1TB Hard Drive; Intel HD Graphics 620 I3567-3619GRY-P","4",,"₹","96779","https://www.amazon.in/dp/B07SKV4PRL"
"Dell","(Renewed) DELL Latitude 6540-i7-16GB-2TB 15.6-inch Laptop (4th Gen Intel Core i7-4800MQ/16GB/2TB/Windows 7/Integrated Graphics), Silver",,,"₹","45495","https://www.amazon.in/dp/B07MTNT8SJ"
"Dell","Dell Touchscreen 15.6"" Inspiron Business Laptop with Windows 11 Pro, Full HD IPS Display, Intel Quad Core i5 Processor, 36GB RAM, 1TB SSD, HDMI, Webcam, Black","5",,"₹","121001","https://www.amazon.in/dp/B0C4C7BL7H"
"Dell","(Refurbished) Dell Precision 7520 6th Gen Intel Core i7 Workstation 4K Ultra HD Laptop (16 GB DDR4 RAM, 512 GB SSD, 15.6"" (39.6 cm) UHD, 4GB GDDR5 NVIDIA Graphics Card, Windows 11, MS Office), Black",,,,,"https://www.amazon.in/dp/B0BPS8H12Y"
"Dell","(Refurbished) Dell Latitude Laptop 7470 Intel Core i5 - 6300u Processor 6th Gen, 16 GB Ram & 1TB SSD, 14.1 Inches (Ultra Slim & Feather Light 1.59KG) Notebook Computer",,,"₹","24690","https://www.amazon.in/dp/B0CDQ51TF2"
"Dell","(Refurbished) Dell Latitude 7490/Intel Core i5-8265U/8GB RAM/512Gb SSD Hard Disk/14 inches HD Display/Windows 10 Pro",,,"₹","25400","https://www.amazon.in/dp/B098F7552L"
"Dell","Dell 2022 Newest Inspiron 3511 Laptop, 15.6"" FHD Touchscreen, Intel Core i5-1035G1, 32GB DDR4 RAM, 1TB PCIe SSD, SD Card Reader, Webcam, HDMI, Wi-Fi, Windows 11 Home, Black","4.3",,"₹","106092","https://www.amazon.in/dp/B0B6WNZCMT"
"Dell","Dell Latitude 7410 14"" Touchscreen 2 in 1 Notebook - Full HD - 1920 x 1080 - Core i7 i7-10610U 10th Gen 1.8GHz Hexa-core (6 Core) - 16GB RAM - 512GB SSD","4",,"₹","155990","https://www.amazon.in/dp/B08BB6VXL5"
"Dell","Dell Latitude 3000 3310 13.3"" Touchscreen 2 in 1 Notebook - 1920 x 1080 - Core i5 i5-8265U - 8 GB RAM - 128 GB SSD - Windows 10 Pro 64-bit - Intel UHD Graphics 620 - in-Plane Switching (IPS) Tech","4.8",,"₹","137601","https://www.amazon.in/dp/B088XY8FKK"
"Dell","Dell Inspiron 5420 Laptop, Intel i5-1240P, 16GB DDR4, 512GB SSD, Integrated, 14.0"" (35.56Cms) FHD+ WVA AG 250 nits, Win 11+ MSO'21, Pebble Green (ICC-C782531WIN8, 1.5Kgs)","3",,"₹","79999","https://www.amazon.in/dp/B0BHYW7JXC"
"Dell","Dell 15 (2021) AMD Ryzen 7-5800H Gaming Laptop, 16GB DDR4, 512GB SSD, Windows 10 + MS Office, NVIDIA RTX 3050 4GB, 15.6 inches FHD, Backlit KB Orange, Platinum Silver, (G15 5515, D560538WIN9W), 2.57kg","3.9",,"₹","97499","https://www.amazon.in/dp/B09F3RCSTL"
"Dell","(Refurbished) Dell Vostro 15 3000 3590 15.6 Inch FHD Laptop ( 10th Gen i5-10210U/1 TB HDD/8 GB RAM/Intel UHD Graphics /Win 10 Home/Black)",,,"₹","28500","https://www.amazon.in/dp/B08KQJ3LZJ"
"Dell","Dell (Renewed) Latitude E6330-i5-4 GB-512 GB 13-inch Laptop (3rd Gen Core i5/4GB//Windows 7/Integrated Graphics), Greyish Silver",,,"₹","29992","https://www.amazon.in/dp/B07LBFTYFL"
"Dell","Dell 2023 Newest Inspiron 14 Laptop, 14"" FHD(1920 x 1200) Display, AMD Ryzen 7 5825U, 32GB RAM, 1TB SSD, AMD Radeon Graphics, Wi-Fi 6, Bluetooth, Window 11 Pro, Pebble Green","4.6",,"₹","147425","https://www.amazon.in/dp/B0BP7KF91D"
"Dell","Dell Latitude 3000 3420 14"" Notebook - HD - 1366 x 768 - Intel Core i3 11th Gen i3-1115G4 Dual-core (2 Core) 3 GHz - 8 GB Total RAM - 256 GB SSD","2.7",,"₹","125375","https://www.amazon.in/dp/B08XMLZR1S"
"Dell","Dell Vostro 14 5000 Business Laptop 14"" FHD NanoEdge, Intel Core i7-1065G7, NVIDIA GeForce MX330, 8GB RAM, 256GB SSD, Quad-Core up to 3.90 GHz, Backlit KB, USB-C, Win 10 Pro",,,"₹","64990","https://www.amazon.in/dp/B08SV1CVYZ"
"Dell","(Refurbished) Dell Latitude Laptop E6330 Intel Core i5 - 3380m @ 2.9Ghz Processor , 16 GB Ram & 128 GB SSD, 13.3 Inches Notebook Computer",,,"₹","30992","https://www.amazon.in/dp/B09YS45QTH"
"Dell","Dell Inspiron 7420 2in1 Laptop, Intel Core i5-1235U Processor/ 16GB DDR4/ 512GB SSD/ 14.0"" (35.56cm) FHD+ Touch 250 nits Active Pen/Windows 11+ MSO'21/15 Month McAfee/Platinum Silver/ 1.5kg","4.2",,"₹","79999","https://www.amazon.in/dp/B0BHYTCY8J"
"Dell","(Renewed) Dell Latitude Intel 4th Gen Core i5 14-Inch (35.56 cms) 1366x768 Laptop (4 GB/512 GB/Windows 10/Intel Integrated Graphics/Silver/2.40 Kg), E6440-i5-4 GB-512 GB",,,"₹","33145","https://www.amazon.in/dp/B07LBGC67Z"
"Dell","Dell 2022 Newest Inspiron 3000 Laptop, 15.6 HD Display, Intel Celeron Processor N4020, 16GB DDR4 RAM, 1TB PCIe Solid State Drive, Online Meeting Ready, Webcam, WiFi, HDMI, Win10 Pro, Black","3.8",,"₹","88009","https://www.amazon.in/dp/B09456PP1Y"
"Dell","(Renewed) Dell Intel Core i5 6300HQ 15.6-Inch (39.62 cms) HD (1366 X 768) Pixels Laptop (8 GB/512 GB SSD/Windows 10 Pro/Intel integrated/Black/2.3 Kg), E5570-i5-8-512","1",,"₹","38492","https://www.amazon.in/dp/B08GCXKDY4"
"Dell","(Refurbished) Dell New G15 5521 SE Gaming Laptop, Intel i7-12700H, 16GB, 1TB SSD, NVIDIA RTX 3060 (6GB GDDR6), 15.6"" (39.62Cms) QHD WVA AG 240 Hz 400 nits, Backlit KB RGB, Obsidian Black, 2.81Kgs (D560738WIN9B)",,,"₹","108799.15","https://www.amazon.in/dp/B0BBL7H1YX"
"Dell","Dell 2021 Inspiron 3000 Laptop Computer, 15.6 Inch FHD Display, 11th Gen Intel Core i3-1115G4 Processor, 8 GB RAM, 256 GB SSD, Webcam, Wi-Fi, HDMI, Bluetooth, Windows 10 Home, Black (Latest Model)","3.9",,"₹","83253","https://www.amazon.in/dp/B09B16SPNG"
"Dell","(Renewed) DELL Latitude 6540-i7-8GB-500GB 15.6-inch Laptop (4th Gen Intel Core i7-4800MQ/8GB/500GB/Windows 7/Integrated Graphics), Silver",,,"₹","35395","https://www.amazon.in/dp/B07MTV4P89"
"Dell","Dell Inspiron 7620 2In1 Laptop,I7-1260P,16Gb Ddr4,512Gb Ssd,Nvidia Mx550 (2Gb Gddr6),16"" (40.64Cms) Uhd+ Wva Touch 400 Nits,Active Pen,Win 11+ Mso'21,Dark Green (D560906Win9S,2.1Kgs),Intel","2.6",,"₹","134990","https://www.amazon.in/dp/B0BHZ28CQ1"
"Dell","(Renewed) Dell Latitude Intel 4th Gen Core i5 15.6-Inch (39.62 cms) 1366x768 Laptop (4 GB/500 GB/Windows 7/Intel Integrated Graphics/Silver/2 kg), E6540-i5-4 GB-500 GB","2",,"₹","24892","https://www.amazon.in/dp/B07Q5TLZ28"
"Dell","(Renewed) Dell Latitude Laptop E7470 Intel Core i5-6300u Processor, 4 GB Ram & 256 GB SSD, 14.1 Inches Screen (Ultra Slim & Light 1.58KG) Notebook Computer",,,"₹","22590","https://www.amazon.in/dp/B08XWMC27B"
"Dell","(Renewed) Dell Latitude Intel 4th Gen Core i5 14-Inch (35.56 cms) 1366x768 Laptop (4 GB/500 GB/Windows 10/Intel Integrated Graphics/Silver/2.50 Kg), E6440-i5-4 GB-500 GB","2.5",,"₹","18990","https://www.amazon.in/dp/B07LBGH6HH"
"Dell","(Refurbished) Dell Latitude Laptop 7470 Intel Core i5 - 6300u Processor 6th Gen, 64 GB Ram & 256 GB SSD, 14.1 Inches (Ultra Slim & Feather Light 1.59KG) Notebook Computer",,,"₹","28990","https://www.amazon.in/dp/B0CDQ4KW13"
"Dell","Dell 2023 Inspiron 14 5425 Business Laptop FHD+14"" Display, AMD Ryzen 7 5825U Processor,16GB, 1TB SSD, Backlit Keyboard, HDMI, USB-C,WiFi, Windows 11 Pro (Non-Touch, Pebble Green)",,,"₹","119157","https://www.amazon.in/dp/B0CGH8QTQR"
